name,node_id,osm_node_id,railway,level_crossing,access,description,x_coord,y_coord,geometry
,0,441145438,,,,,104.1444745,30.6446252,POINT (104.1444745 30.6446252)
,1,529971456,,,,,104.1372788,30.6305082,POINT (104.1372788 30.6305082)
,2,529971458,,,,,104.1367984,30.6294729,POINT (104.1367984 30.6294729)
,3,1816803045,,,,,104.1412895,30.6347971,POINT (104.1412895 30.6347971)
,4,1826474794,,,,,104.1404465,30.6329453,POINT (104.1404465 30.6329453)
,5,1826474800,,,,,104.1368255,30.6260393,POINT (104.1368255 30.6260393)
,6,1826474846,,,,,104.1338114,30.6220254,POINT (104.1338114 30.6220254)
,7,1826474880,,,,,104.144833,30.6437376,POINT (104.144833 30.6437376)
,8,1826474885,,,,,104.1379695,30.6277291,POINT (104.1379695 30.6277291)
,9,4934383592,,,,,104.1318102,30.6198856,POINT (104.1318102 30.6198856)
,10,4934383593,,,,,104.1332261,30.622181,POINT (104.1332261 30.622181)
,11,4944828216,,,,,104.1405454,30.6365196,POINT (104.1405454 30.6365196)
,12,4944828217,,,,,104.1406817,30.6367609,POINT (104.1406817 30.6367609)
,13,4944828218,,,,,104.1407569,30.6368979,POINT (104.1407569 30.6368979)
,14,4944828220,,,,,104.141161,30.6376079,POINT (104.141161 30.6376079)
,15,4944828721,,,,,104.1407826,30.6368379,POINT (104.1407826 30.6368379)
,16,4944828722,,,,,104.1411057,30.6375077,POINT (104.1411057 30.6375077)
,17,4944828723,,,,,104.1408125,30.6367896,POINT (104.1408125 30.6367896)
,18,4944828724,,,,,104.1412112,30.6375877,POINT (104.1412112 30.6375877)
,19,4944828725,,,,,104.1408687,30.6367723,POINT (104.1408687 30.6367723)
,20,4944828726,,,,,104.1412631,30.6375733,POINT (104.1412631 30.6375733)
,21,4944828727,,,,,104.1404489,30.6363493,POINT (104.1404489 30.6363493)
,22,4944828728,,,,,104.1400772,30.6357298,POINT (104.1400772 30.6357298)
,23,4944828729,,,,,104.140317,30.6361112,POINT (104.140317 30.6361112)
,24,4944828730,,,,,104.1406961,30.6366623,POINT (104.1406961 30.6366623)
,25,4944828731,,,,,104.1406181,30.6364995,POINT (104.1406181 30.6364995)
,26,4944828732,,,,,104.1405193,30.6363179,POINT (104.1405193 30.6363179)
,27,4944828733,,,,,104.1404569,30.6361738,POINT (104.1404569 30.6361738)
,28,4944828734,,,,,104.1401189,30.6355988,POINT (104.1401189 30.6355988)
,29,4944828735,,,,,104.1406976,30.6365457,POINT (104.1406976 30.6365457)
,30,4944828737,,,,,104.1405574,30.6362696,POINT (104.1405574 30.6362696)
,31,4944828738,,,,,104.1403869,30.6359548,POINT (104.1403869 30.6359548)
,32,4944828739,,,,,104.140189,30.6355934,POINT (104.140189 30.6355934)
,33,4944828741,,,,,104.1406509,30.6363267,POINT (104.1406509 30.6363267)
,34,4944828742,,,,,104.140298,30.6355586,POINT (104.140298 30.6355586)
,35,4944828743,,,,,104.1402466,30.635576,POINT (104.1402466 30.635576)
,36,4944828745,,,,,104.1405114,30.6354916,POINT (104.1405114 30.6354916)
,37,4944828746,,,,,104.1411345,30.6370155,POINT (104.1411345 30.6370155)
,38,4944828747,,,,,104.1412031,30.637179,POINT (104.1412031 30.637179)
,39,4944828748,,,,,104.1412841,30.6373626,POINT (104.1412841 30.6373626)
,40,4944828749,,,,,104.1413806,30.6375784,POINT (104.1413806 30.6375784)
,41,4944828750,,,,,104.1404616,30.6355103,POINT (104.1404616 30.6355103)
,42,4944828751,,,,,104.1410675,30.63699,POINT (104.1410675 30.63699)
,43,4944828752,,,,,104.1411485,30.6371816,POINT (104.1411485 30.6371816)
,44,4944828753,,,,,104.141228,30.6373612,POINT (104.141228 30.6373612)
,45,4944828754,,,,,104.1413292,30.6375864,POINT (104.1413292 30.6375864)
,46,4944828755,,,,,104.1403868,30.6355009,POINT (104.1403868 30.6355009)
,47,4944828756,,,,,104.1405036,30.635761,POINT (104.1405036 30.635761)
,48,4944828757,,,,,104.1405691,30.6359097,POINT (104.1405691 30.6359097)
,49,4944828758,,,,,104.1406547,30.6361148,POINT (104.1406547 30.6361148)
,50,4944828759,,,,,104.1409336,30.6367769,POINT (104.1409336 30.6367769)
,51,4944828760,,,,,104.141118,30.637264,POINT (104.141118 30.637264)
,52,4944828761,,,,,104.1407389,30.6361875,POINT (104.1407389 30.6361875)
,53,4944828762,,,,,104.1400099,30.6342518,POINT (104.1400099 30.6342518)
,54,4944828763,,,,,104.1399242,30.6340414,POINT (104.1399242 30.6340414)
,55,4944828764,,,,,104.1398394,30.6338567,POINT (104.1398394 30.6338567)
,56,4944828765,,,,,104.1397535,30.6336835,POINT (104.1397535 30.6336835)
,57,4944828767,,,,,104.1396019,30.6333561,POINT (104.1396019 30.6333561)
,58,4944828768,,,,,104.1402669,30.6350305,POINT (104.1402669 30.6350305)
,59,4944828769,,,,,104.1402014,30.634871,POINT (104.1402014 30.634871)
,60,4944828770,,,,,104.1401329,30.6347115,POINT (104.1401329 30.6347115)
,61,4944828771,,,,,104.1400613,30.6345534,POINT (104.1400613 30.6345534)
,62,4944828772,,,,,104.1399849,30.6343925,POINT (104.1399849 30.6343925)
,63,4944828773,,,,,104.1399055,30.6342397,POINT (104.1399055 30.6342397)
,64,4944828774,,,,,104.1398245,30.634095,POINT (104.1398245 30.634095)
,65,4944828775,,,,,104.139622,30.6337317,POINT (104.139622 30.6337317)
,66,4944828776,,,,,104.139569,30.6336272,POINT (104.139569 30.6336272)
,67,4944828777,,,,,104.1395129,30.6335066,POINT (104.1395129 30.6335066)
,68,4944828778,,,,,104.1394288,30.6333243,POINT (104.1394288 30.6333243)
,69,4944828779,,,,,104.1402132,30.6347545,POINT (104.1402132 30.6347545)
,70,4944828780,,,,,104.1404008,30.6353606,POINT (104.1404008 30.6353606)
,71,4944828781,,,,,104.140298,30.6353093,POINT (104.140298 30.6353093)
,72,4944828782,,,,,104.1401905,30.6350814,POINT (104.1401905 30.6350814)
,73,4944828783,,,,,104.1400846,30.6348563,POINT (104.1400846 30.6348563)
,74,4944828784,,,,,104.1393743,30.633343,POINT (104.1393743 30.633343)
,75,4944828785,,,,,104.1401127,30.6351659,POINT (104.1401127 30.6351659)
,76,4944828786,,,,,104.1400317,30.6349903,POINT (104.1400317 30.6349903)
,77,4944828787,,,,,104.1399335,30.6347933,POINT (104.1399335 30.6347933)
,78,4944828788,,,,,104.1398416,30.634623,POINT (104.1398416 30.634623)
,79,4944828789,,,,,104.1391975,30.633394,POINT (104.1391975 30.633394)
,80,4944828790,,,,,104.1397201,30.6345936,POINT (104.1397201 30.6345936)
,81,4944828791,,,,,104.1396469,30.6344528,POINT (104.1396469 30.6344528)
,82,4944828792,,,,,104.1395799,30.6343188,POINT (104.1395799 30.6343188)
,83,4944828793,,,,,104.139502,30.634158,POINT (104.139502 30.634158)
,84,4944828794,,,,,104.1393174,30.6337719,POINT (104.1393174 30.6337719)
,85,4944828796,,,,,104.1391454,30.6334241,POINT (104.1391454 30.6334241)
,86,4944828797,,,,,104.1397808,30.6353157,POINT (104.1397808 30.6353157)
,87,4944828798,,,,,104.1396017,30.6345869,POINT (104.1396017 30.6345869)
,88,4944828799,,,,,104.1395036,30.634422,POINT (104.1395036 30.634422)
,89,4944828800,,,,,104.1394226,30.6342746,POINT (104.1394226 30.6342746)
,90,4944828801,,,,,104.139326,30.634095,POINT (104.139326 30.634095)
,91,4944828802,,,,,104.1392357,30.6339167,POINT (104.1392357 30.6339167)
,92,4944828803,,,,,104.1391609,30.6337652,POINT (104.1391609 30.6337652)
,93,4944828804,,,,,104.139016,30.6334664,POINT (104.139016 30.6334664)
,94,4944828805,,,,,104.139851,30.6349032,POINT (104.139851 30.6349032)
,95,4944828806,,,,,104.1399429,30.6350948,POINT (104.1399429 30.6350948)
,96,4944828807,,,,,104.1400208,30.635253,POINT (104.1400208 30.635253)
,97,4944828808,,,,,104.1401587,30.6355415,POINT (104.1401587 30.6355415)
,98,4944828809,,,,,104.1395918,30.6350523,POINT (104.1395918 30.6350523)
,99,4944828810,,,,,104.1394345,30.6348117,POINT (104.1394345 30.6348117)
,100,4944828811,,,,,104.1392911,30.634583,POINT (104.1392911 30.634583)
,101,4944828812,,,,,104.1391433,30.6343261,POINT (104.1391433 30.6343261)
,102,4944828813,,,,,104.1390069,30.6340744,POINT (104.1390069 30.6340744)
,103,4944828814,,,,,104.1388869,30.6338542,POINT (104.1388869 30.6338542)
,104,4944828815,,,,,104.138752,30.6335793,POINT (104.138752 30.6335793)
,105,4944828816,,,,,104.1395098,30.6345507,POINT (104.1395098 30.6345507)
,106,4944828817,,,,,104.1394226,30.6343965,POINT (104.1394226 30.6343965)
,107,4944828818,,,,,104.1393276,30.6342263,POINT (104.1393276 30.6342263)
,108,4944828819,,,,,104.1392294,30.6340414,POINT (104.1392294 30.6340414)
,109,4944828820,,,,,104.1391251,30.6338349,POINT (104.1391251 30.6338349)
,110,4944828921,,,,,104.1389568,30.6334865,POINT (104.1389568 30.6334865)
,111,4944828922,,,,,104.1388057,30.6335428,POINT (104.1388057 30.6335428)
,112,4944828923,,,,,104.1388977,30.633725,POINT (104.1388977 30.633725)
,113,4944828924,,,,,104.1390067,30.6339422,POINT (104.1390067 30.6339422)
,114,4944828925,,,,,104.1391095,30.6341392,POINT (104.1391095 30.6341392)
,115,4944828926,,,,,104.1392279,30.634355,POINT (104.1392279 30.634355)
,116,4944828927,,,,,104.1393525,30.6345721,POINT (104.1393525 30.6345721)
,117,4944828928,,,,,104.1394865,30.6347919,POINT (104.1394865 30.6347919)
,118,4944828929,,,,,104.1396126,30.6349863,POINT (104.1396126 30.6349863)
,119,4944828930,,,,,104.1415072,30.6378439,POINT (104.1415072 30.6378439)
,120,4944828931,,,,,104.14212,30.6391804,POINT (104.14212 30.6391804)
,121,4944828932,,,,,104.1414455,30.6378401,POINT (104.1414455 30.6378401)
,122,4944828933,,,,,104.1420671,30.639188,POINT (104.1420671 30.639188)
,123,4944828934,,,,,104.1413926,30.6378553,POINT (104.1413926 30.6378553)
,124,4944828935,,,,,104.1420224,30.6392146,POINT (104.1420224 30.6392146)
,125,4944828936,,,,,104.1417056,30.638643,POINT (104.1417056 30.638643)
,126,4944828937,,,,,104.1415217,30.638133,POINT (104.1415217 30.638133)
,127,4944828938,,,,,104.1416879,30.6386051,POINT (104.1416879 30.6386051)
,128,4944828939,,,,,104.1420054,30.6393031,POINT (104.1420054 30.6393031)
,129,4944828940,,,,,104.1419569,30.6393182,POINT (104.1419569 30.6393182)
,130,4944828941,,,,,104.1419755,30.6392373,POINT (104.1419755 30.6392373)
,131,4944828942,,,,,104.1416471,30.6386525,POINT (104.1416471 30.6386525)
,132,4944828943,,,,,104.1437604,30.6426288,POINT (104.1437604 30.6426288)
,133,4944828944,,,,,104.143316,30.6418085,POINT (104.143316 30.6418085)
,134,4944828945,,,,,104.1435439,30.6422823,POINT (104.1435439 30.6422823)
,135,4944828946,,,,,104.1436256,30.6423505,POINT (104.1436256 30.6423505)
,136,4944828947,,,,,104.1433298,30.6418372,POINT (104.1433298 30.6418372)
,137,4944828949,,,,,104.1428298,30.6409132,POINT (104.1428298 30.6409132)
,138,4944828950,,,,,104.1431655,30.6414928,POINT (104.1431655 30.6414928)
,139,4944828951,,,,,104.1433341,30.6420733,POINT (104.1433341 30.6420733)
,140,4944828952,,,,,104.1425369,30.6402969,POINT (104.1425369 30.6402969)
,141,4944828953,,,,,104.1422559,30.6398253,POINT (104.1422559 30.6398253)
,142,4944828954,,,,,104.1430543,30.6416124,POINT (104.1430543 30.6416124)
,143,4944828955,,,,,104.1426272,30.6405992,POINT (104.1426272 30.6405992)
,144,4944828956,,,,,104.1428431,30.6411708,POINT (104.1428431 30.6411708)
,145,4944828957,,,,,104.1436176,30.6427997,POINT (104.1436176 30.6427997)
,146,4944828959,,,,,104.1431873,30.6419067,POINT (104.1431873 30.6419067)
,147,4944828961,,,,,104.1437004,30.6428326,POINT (104.1437004 30.6428326)
,148,4944828963,,,,,104.1440096,30.6436408,POINT (104.1440096 30.6436408)
,149,4944828965,,,,,104.1439608,30.6433664,POINT (104.1439608 30.6433664)
,150,5213837354,,,,,104.1445912,30.6443902,POINT (104.1445912 30.6443902)
,151,5616916015,stop,,,,104.1395416,30.6310457,POINT (104.1395416 30.6310457)
,152,5616916016,,,,,104.1378381,30.6316742,POINT (104.1378381 30.6316742)
,153,6169693891,,,,,104.1417639,30.636029,POINT (104.1417639 30.636029)
,154,6243807695,,,,,104.1320996,30.6200396,POINT (104.1320996 30.6200396)
,155,6243807696,,,,,104.133059,30.6212746,POINT (104.133059 30.6212746)
,156,6243807697,,,,,104.1335835,30.6219691,POINT (104.1335835 30.6219691)
,157,6243807698,,,,,104.1342553,30.622874,POINT (104.1342553 30.622874)
,158,6243807699,,,,,104.1347364,30.6235167,POINT (104.1347364 30.6235167)
,159,6243807700,,,,,104.1353293,30.6243104,POINT (104.1353293 30.6243104)
,160,6243807701,,,,,104.1359928,30.6251847,POINT (104.1359928 30.6251847)
,161,6243807702,,,,,104.1363927,30.6257386,POINT (104.1363927 30.6257386)
,162,6243807703,,,,,104.1365183,30.6259179,POINT (104.1365183 30.6259179)
,163,6243807704,,,,,104.1366456,30.6261105,POINT (104.1366456 30.6261105)
,164,6243807705,,,,,104.1370534,30.6267263,POINT (104.1370534 30.6267263)
,165,6243807706,,,,,104.1319171,30.6198082,POINT (104.1319171 30.6198082)
,166,6243807707,,,,,104.1372,30.6269569,POINT (104.1372 30.6269569)
,167,6243807708,,,,,104.1374253,30.6273239,POINT (104.1374253 30.6273239)
,168,6243807709,,,,,104.1376292,30.6276816,POINT (104.1376292 30.6276816)
,169,6243807710,,,,,104.1379993,30.6284479,POINT (104.1379993 30.6284479)
,170,6243807711,,,,,104.1383775,30.6292465,POINT (104.1383775 30.6292465)
,171,6243807712,,,,,104.1401885,30.6330689,POINT (104.1401885 30.6330689)
,172,6243807716,,,,,104.1321429,30.6197098,POINT (104.1321429 30.6197098)
,173,6243807735,,,,,104.1322685,30.6201483,POINT (104.1322685 30.6201483)
,174,6243807736,,,,,104.1331712,30.6213623,POINT (104.1331712 30.6213623)
,175,6243807740,,,,,104.1319934,30.6197768,POINT (104.1319934 30.6197768)
,176,6243807751,,,,,104.1321287,30.6203503,POINT (104.1321287 30.6203503)
,177,6243807752,,,,,104.1324566,30.6208323,POINT (104.1324566 30.6208323)
,178,6243807753,,,,,104.1327156,30.6212561,POINT (104.1327156 30.6212561)
,179,6243807754,,,,,104.132997,30.621754,POINT (104.132997 30.621754)
,180,6243807755,,,,,104.1337959,30.6232144,POINT (104.1337959 30.6232144)
,181,6243807756,,,,,104.1340738,30.6237217,POINT (104.1340738 30.6237217)
,182,6243807757,,,,,104.1345376,30.6245574,POINT (104.1345376 30.6245574)
,183,6243807758,,,,,104.1348366,30.6251122,POINT (104.1348366 30.6251122)
,184,6243807759,,,,,104.1352609,30.6258656,POINT (104.1352609 30.6258656)
,185,6243807761,,,,,104.1354927,30.6262767,POINT (104.1354927 30.6262767)
,186,6243807762,,,,,104.1356538,30.6265239,POINT (104.1356538 30.6265239)
,187,6243807763,,,,,104.1357682,30.6266906,POINT (104.1357682 30.6266906)
,188,6243807764,,,,,104.1359877,30.6269759,POINT (104.1359877 30.6269759)
,189,6243807765,,,,,104.1361605,30.6271809,POINT (104.1361605 30.6271809)
,190,6243807766,,,,,104.1363543,30.627432,POINT (104.1363543 30.627432)
,191,6243807767,,,,,104.1366299,30.6277616,POINT (104.1366299 30.6277616)
,192,6243807768,,,,,104.136826,30.6280348,POINT (104.136826 30.6280348)
,193,6243807769,,,,,104.1369778,30.6282759,POINT (104.1369778 30.6282759)
,194,6243807770,,,,,104.1371646,30.6285914,POINT (104.1371646 30.6285914)
,195,6243807771,,,,,104.1373023,30.6288687,POINT (104.1373023 30.6288687)
,196,6243807772,,,,,104.1373957,30.6290696,POINT (104.1373957 30.6290696)
,197,6243807773,,,,,104.1376152,30.6295217,POINT (104.1376152 30.6295217)
,198,6243807775,,,,,104.1362856,30.6281459,POINT (104.1362856 30.6281459)
,199,6243807786,,,,,104.1320195,30.6201126,POINT (104.1320195 30.6201126)
,200,6243807787,,,,,104.1322756,30.6204695,POINT (104.1322756 30.6204695)
,201,6243807788,,,,,104.1324382,30.6207039,POINT (104.1324382 30.6207039)
,202,6243807789,,,,,104.1325967,30.6209733,POINT (104.1325967 30.6209733)
,203,6243807790,,,,,104.1327756,30.6212689,POINT (104.1327756 30.6212689)
,204,6243807791,,,,,104.1330724,30.6217849,POINT (104.1330724 30.6217849)
,205,6243807792,,,,,104.1318429,30.6198709,POINT (104.1318429 30.6198709)
,206,6243807793,,,,,104.1332908,30.6221888,POINT (104.1332908 30.6221888)
,207,6243807794,,,,,104.1335429,30.6226412,POINT (104.1335429 30.6226412)
,208,6243807795,,,,,104.1337219,30.6229804,POINT (104.1337219 30.6229804)
,209,6243807796,,,,,104.1340395,30.6235591,POINT (104.1340395 30.6235591)
,210,6243807797,,,,,104.1342963,30.6240192,POINT (104.1342963 30.6240192)
,211,6243807798,,,,,104.1344878,30.6243668,POINT (104.1344878 30.6243668)
,212,6243807799,,,,,104.1347119,30.6247687,POINT (104.1347119 30.6247687)
,213,6243807800,,,,,104.1350808,30.6254271,POINT (104.1350808 30.6254271)
,214,6243807801,,,,,104.1349416,30.6251787,POINT (104.1349416 30.6251787)
,215,6243807815,,,,,104.1354747,30.6263441,POINT (104.1354747 30.6263441)
,216,6243807816,,,,,104.1356164,30.6265774,POINT (104.1356164 30.6265774)
,217,6243807880,,,,,104.1445366,30.6431641,POINT (104.1445366 30.6431641)
,218,6243807881,,,,,104.1441242,30.6421337,POINT (104.1441242 30.6421337)
,219,6243807882,,,,,104.143943,30.6416683,POINT (104.143943 30.6416683)
,220,6243807883,,,,,104.1446453,30.6432957,POINT (104.1446453 30.6432957)
,221,6243807884,,,,,104.1443139,30.6424884,POINT (104.1443139 30.6424884)
,222,6243807885,,,,,104.1438532,30.6413091,POINT (104.1438532 30.6413091)
,223,6243807886,,,,,104.143683,30.6410039,POINT (104.143683 30.6410039)
,224,6243807887,,,,,104.1434046,30.6403012,POINT (104.1434046 30.6403012)
,225,6243807888,,,,,104.1434193,30.640208,POINT (104.1434193 30.640208)
,226,6243807889,,,,,104.1429775,30.6390693,POINT (104.1429775 30.6390693)
,227,6243807890,,,,,104.1425919,30.6380919,POINT (104.1425919 30.6380919)
,228,6243807891,,,,,104.1421779,30.6370605,POINT (104.1421779 30.6370605)
,229,6243807892,,,,,104.1430579,30.6394334,POINT (104.1430579 30.6394334)
,230,6243807893,,,,,104.1427874,30.6387442,POINT (104.1427874 30.6387442)
,231,6243807894,,,,,104.1423147,30.6375466,POINT (104.1423147 30.6375466)
,232,6243807895,,,,,104.1419207,30.6365568,POINT (104.1419207 30.6365568)
,233,6243807896,,,,,104.1416239,30.6357885,POINT (104.1416239 30.6357885)
,234,6243807897,,,,,104.1413771,30.6351715,POINT (104.1413771 30.6351715)
,235,6243807898,,,,,104.1410645,30.6343987,POINT (104.1410645 30.6343987)
,236,6243807899,,,,,104.1411197,30.6343698,POINT (104.1411197 30.6343698)
,237,6243807900,,,,,104.1385647,30.6289721,POINT (104.1385647 30.6289721)
,238,6243807901,,,,,104.1382369,30.6282909,POINT (104.1382369 30.6282909)
,239,6243807902,,,,,104.1376899,30.6272411,POINT (104.1376899 30.6272411)
,240,6243807903,,,,,104.1373276,30.6267129,POINT (104.1373276 30.6267129)
,241,6243807904,,,,,104.1359578,30.6248815,POINT (104.1359578 30.6248815)
,242,6243807905,,,,,104.1406881,30.6335872,POINT (104.1406881 30.6335872)
,243,6243807906,,,,,104.1403954,30.6329813,POINT (104.1403954 30.6329813)
,244,6243807907,,,,,104.1385765,30.629145,POINT (104.1385765 30.629145)
,245,6243807908,,,,,104.1379436,30.6278207,POINT (104.1379436 30.6278207)
,246,6243807909,,,,,104.1377308,30.6274207,POINT (104.1377308 30.6274207)
,247,6243807910,,,,,104.137589,30.6271901,POINT (104.137589 30.6271901)
,248,6243807911,,,,,104.1374442,30.6269549,POINT (104.1374442 30.6269549)
,249,6243807912,,,,,104.1372156,30.6266362,POINT (104.1372156 30.6266362)
,250,6243807913,,,,,104.1368977,30.6262092,POINT (104.1368977 30.6262092)
,251,6243807914,,,,,104.1366577,30.6259043,POINT (104.1366577 30.6259043)
,252,6243807915,,,,,104.1362873,30.6254045,POINT (104.1362873 30.6254045)
,253,6243807916,,,,,104.1360586,30.6251055,POINT (104.1360586 30.6251055)
,254,6243807917,,,,,104.1354116,30.6242575,POINT (104.1354116 30.6242575)
,255,6243807918,,,,,104.1354177,30.6241804,POINT (104.1354177 30.6241804)
,256,6243807919,,,,,104.1347552,30.6232896,POINT (104.1347552 30.6232896)
,257,6243807920,,,,,104.1345798,30.6231489,POINT (104.1345798 30.6231489)
,258,6243807921,,,,,104.1341689,30.6225003,POINT (104.1341689 30.6225003)
,259,6243807924,,,,,104.1326024,30.6204183,POINT (104.1326024 30.6204183)
,260,6243807925,,,,,104.1344236,30.6229358,POINT (104.1344236 30.6229358)
,261,6243807926,,,,,104.1342459,30.6226998,POINT (104.1342459 30.6226998)
,262,6243807927,,,,,104.1339188,30.6222465,POINT (104.1339188 30.6222465)
,263,6243807928,,,,,104.1333245,30.6214622,POINT (104.1333245 30.6214622)
,264,6243807929,,,,,104.1326294,30.6205453,POINT (104.1326294 30.6205453)
,265,6243807930,,,,,104.1330891,30.6210674,POINT (104.1330891 30.6210674)
,266,6243807931,,,,,104.1320875,30.6197405,POINT (104.1320875 30.6197405)
,267,6243807932,,,,,104.1397246,30.631413,POINT (104.1397246 30.631413)
,268,6243807933,stop,,,,104.1394805,30.6310674,POINT (104.1394805 30.6310674)
,269,6243807934,,,,,104.132307,30.6199347,POINT (104.132307 30.6199347)
,270,6243807935,,,,,104.1327233,30.6205033,POINT (104.1327233 30.6205033)
,271,6243807936,,,,,104.133381,30.6213782,POINT (104.133381 30.6213782)
,272,6243807937,,,,,104.1344847,30.6228425,POINT (104.1344847 30.6228425)
,273,6243807938,,,,,104.1353111,30.6239462,POINT (104.1353111 30.6239462)
,274,6243807939,,,,,104.1360596,30.6249429,POINT (104.1360596 30.6249429)
,275,6243807940,,,,,104.1362671,30.6252186,POINT (104.1362671 30.6252186)
,276,6243807941,,,,,104.1364904,30.6255124,POINT (104.1364904 30.6255124)
,277,6243807942,,,,,104.1367005,30.6257587,POINT (104.1367005 30.6257587)
,278,6243807943,,,,,104.1370734,30.6261994,POINT (104.1370734 30.6261994)
,279,6243807944,,,,,104.1374464,30.6266718,POINT (104.1374464 30.6266718)
,280,6243807945,,,,,104.1376223,30.6269339,POINT (104.1376223 30.6269339)
,281,6243807946,,,,,104.1378351,30.6272503,POINT (104.1378351 30.6272503)
,282,6243807947,,,,,104.1379375,30.6274221,POINT (104.1379375 30.6274221)
,283,6243807948,,,,,104.1382763,30.628012,POINT (104.1382763 30.628012)
,284,6243807949,,,,,104.1381174,30.6277148,POINT (104.1381174 30.6277148)
,285,6243807950,,,,,104.1384234,30.6283125,POINT (104.1384234 30.6283125)
,286,6243807951,,,,,104.1387044,30.6288933,POINT (104.1387044 30.6288933)
,287,6243807952,,,,,104.1406164,30.632916,POINT (104.1406164 30.632916)
,288,6243807953,,,,,104.1408869,30.6334787,POINT (104.1408869 30.6334787)
,289,6243807954,,,,,104.1410445,30.633829,POINT (104.1410445 30.633829)
,290,6243807955,,,,,104.1411653,30.6341092,POINT (104.1411653 30.6341092)
,291,6243807956,,,,,104.1412677,30.6343804,POINT (104.1412677 30.6343804)
,292,6243807957,,,,,104.1414122,30.6347487,POINT (104.1414122 30.6347487)
,293,6243807958,,,,,104.1416065,30.6352978,POINT (104.1416065 30.6352978)
,294,6243807959,,,,,104.1417851,30.6358583,POINT (104.1417851 30.6358583)
,295,6243807960,,,,,104.1419217,30.6362537,POINT (104.1419217 30.6362537)
,296,6243807961,,,,,104.1420399,30.6365769,POINT (104.1420399 30.6365769)
,297,6243807962,,,,,104.1421581,30.6368661,POINT (104.1421581 30.6368661)
,298,6243807963,,,,,104.1422894,30.6372074,POINT (104.1422894 30.6372074)
,299,6243807964,,,,,104.1426124,30.6380163,POINT (104.1426124 30.6380163)
,300,6243808037,,,,,104.1447829,30.6437503,POINT (104.1447829 30.6437503)
,301,6243808038,stop,,,,104.1397068,30.630987,POINT (104.1397068 30.630987)
,302,6243808190,,,,,104.1425144,30.6377707,POINT (104.1425144 30.6377707)
,303,6243808191,,,,,104.1423753,30.6373539,POINT (104.1423753 30.6373539)
,304,6243808192,,,,,104.1422842,30.6370485,POINT (104.1422842 30.6370485)
,305,6243808193,,,,,104.1422375,30.6368757,POINT (104.1422375 30.6368757)
,306,6243808194,,,,,104.1421745,30.6366045,POINT (104.1421745 30.6366045)
,307,6243808195,,,,,104.1421254,30.6363473,POINT (104.1421254 30.6363473)
,308,6243808196,,,,,104.1420601,30.6359616,POINT (104.1420601 30.6359616)
,309,6243808197,,,,,104.1418873,30.6350474,POINT (104.1418873 30.6350474)
,310,6243808198,,,,,104.1417869,30.6344688,POINT (104.1417869 30.6344688)
,311,6243808199,,,,,104.1417215,30.6341715,POINT (104.1417215 30.6341715)
,312,6243808200,,,,,104.1416514,30.6338801,POINT (104.1416514 30.6338801)
,313,6243808201,,,,,104.1415884,30.633637,POINT (104.1415884 30.633637)
,314,6243808202,,,,,104.1414646,30.6332774,POINT (104.1414646 30.6332774)
,315,6243808203,,,,,104.1413456,30.6329579,POINT (104.1413456 30.6329579)
,316,6243808204,,,,,104.1412241,30.6326787,POINT (104.1412241 30.6326787)
,317,6243808205,,,,,104.1393389,30.6287265,POINT (104.1393389 30.6287265)
,318,6243808206,,,,,104.1392115,30.6284738,POINT (104.1392115 30.6284738)
,319,6243808207,,,,,104.1391159,30.6283184,POINT (104.1391159 30.6283184)
,320,6243808208,,,,,104.1390027,30.6281296,POINT (104.1390027 30.6281296)
,321,6243808209,,,,,104.1388576,30.6279043,POINT (104.1388576 30.6279043)
,322,6243808210,,,,,104.1387125,30.6277002,POINT (104.1387125 30.6277002)
,323,6243808211,,,,,104.1385239,30.6274488,POINT (104.1385239 30.6274488)
,324,6243808212,,,,,104.1383605,30.6272439,POINT (104.1383605 30.6272439)
,325,6243808213,,,,,104.1381013,30.6269385,POINT (104.1381013 30.6269385)
,326,6243808214,,,,,104.1377207,30.6265045,POINT (104.1377207 30.6265045)
,327,6243808215,,,,,104.1373167,30.6260544,POINT (104.1373167 30.6260544)
,328,6243808216,,,,,104.1369279,30.6256646,POINT (104.1369279 30.6256646)
,329,6243808217,,,,,104.1366508,30.6253836,POINT (104.1366508 30.6253836)
,330,6243808218,buffer_stop,,,,104.1326491,30.6203298,POINT (104.1326491 30.6203298)
,331,6243808219,,,,,104.1338983,30.6219895,POINT (104.1338983 30.6219895)
,332,6243808220,,,,,104.1348323,30.6232373,POINT (104.1348323 30.6232373)
,333,6243808221,,,,,104.1357266,30.6244208,POINT (104.1357266 30.6244208)
,334,6243808222,,,,,104.1360015,30.6247847,POINT (104.1360015 30.6247847)
,335,6243808223,,,,,104.1363044,30.6251836,POINT (104.1363044 30.6251836)
,336,6243808224,,,,,104.1364096,30.6253091,POINT (104.1364096 30.6253091)
,337,6243808225,,,,,104.1365462,30.6254657,POINT (104.1365462 30.6254657)
,338,6243808226,,,,,104.136747,30.6256807,POINT (104.136747 30.6256807)
,339,6243808227,,,,,104.1370879,30.6260966,POINT (104.1370879 30.6260966)
,340,6243808228,,,,,104.1373938,30.6264703,POINT (104.1373938 30.6264703)
,341,6243808229,,,,,104.1375596,30.6266793,POINT (104.1375596 30.6266793)
,342,6243808230,,,,,104.1377464,30.6269184,POINT (104.1377464 30.6269184)
,343,6243808231,,,,,104.1379495,30.6271876,POINT (104.1379495 30.6271876)
,344,6243808232,,,,,104.138148,30.627491,POINT (104.138148 30.627491)
,345,6243808233,,,,,104.1383605,30.6278005,POINT (104.1383605 30.6278005)
,346,6243808234,,,,,104.1385309,30.6280978,POINT (104.1385309 30.6280978)
,347,6243808235,,,,,104.1387014,30.6284053,POINT (104.1387014 30.6284053)
,348,6243808236,,,,,104.1389279,30.6288593,POINT (104.1389279 30.6288593)
,349,6243808237,,,,,104.1408287,30.6328541,POINT (104.1408287 30.6328541)
,350,6243808238,,,,,104.1409211,30.6330688,POINT (104.1409211 30.6330688)
,351,6243808239,,,,,104.1410012,30.633265,POINT (104.1410012 30.633265)
,352,6243808240,,,,,104.1410659,30.6334373,POINT (104.1410659 30.6334373)
,353,6243808241,,,,,104.1411553,30.6336918,POINT (104.1411553 30.6336918)
,354,6243808242,,,,,104.1413211,30.6342081,POINT (104.1413211 30.6342081)
,355,6243808243,,,,,104.1415276,30.6348797,POINT (104.1415276 30.6348797)
,356,6243808244,,,,,104.1416107,30.6352166,POINT (104.1416107 30.6352166)
,357,6243808245,,,,,104.1416729,30.635506,POINT (104.1416729 30.635506)
,358,6243808246,,,,,104.1414753,30.6347098,POINT (104.1414753 30.6347098)
,359,6243808247,,,,,104.1413801,30.6343028,POINT (104.1413801 30.6343028)
,360,6243808248,,,,,104.1412808,30.6339289,POINT (104.1412808 30.6339289)
,361,6243808249,,,,,104.1412218,30.633712,POINT (104.1412218 30.633712)
,362,6243808250,,,,,104.1410904,30.6333427,POINT (104.1410904 30.6333427)
,363,6243808251,,,,,104.1409938,30.6330796,POINT (104.1409938 30.6330796)
,364,6243808252,,,,,104.1408731,30.6328027,POINT (104.1408731 30.6328027)
,365,6243808253,,,,,104.1390082,30.6288706,POINT (104.1390082 30.6288706)
,366,6243808254,,,,,104.138807,30.6284551,POINT (104.138807 30.6284551)
,367,6243808255,,,,,104.138579,30.628042,POINT (104.138579 30.628042)
,368,6243808256,,,,,104.1383537,30.6276658,POINT (104.1383537 30.6276658)
,369,6243808257,,,,,104.1380774,30.6272688,POINT (104.1380774 30.6272688)
,370,6243808258,,,,,104.1377395,30.6268257,POINT (104.1377395 30.6268257)
,371,6243808259,,,,,104.1374659,30.6264887,POINT (104.1374659 30.6264887)
,372,6243808260,,,,,104.1371816,30.6261633,POINT (104.1371816 30.6261633)
,373,6243808261,,,,,104.1369453,30.6259227,POINT (104.1369453 30.6259227)
,374,6243808262,,,,,104.1356531,30.6243235,POINT (104.1356531 30.6243235)
,375,6243808263,,,,,104.1360363,30.6247507,POINT (104.1360363 30.6247507)
,376,6243808264,,,,,104.1362053,30.6249331,POINT (104.1362053 30.6249331)
,377,6243808265,,,,,104.1367283,30.6254893,POINT (104.1367283 30.6254893)
,378,6243808266,,,,,104.1372299,30.6260571,POINT (104.1372299 30.6260571)
,379,6243808267,,,,,104.1379219,30.6268372,POINT (104.1379219 30.6268372)
,380,6243808268,,,,,104.1381445,30.6271003,POINT (104.1381445 30.6271003)
,381,6243808269,,,,,104.1383188,30.6273265,POINT (104.1383188 30.6273265)
,382,6243808270,,,,,104.1385736,30.627682,POINT (104.1385736 30.627682)
,383,6243808271,,,,,104.1389599,30.6283167,POINT (104.1389599 30.6283167)
,384,6243808272,,,,,104.139263,30.6288983,POINT (104.139263 30.6288983)
,385,6243808273,,,,,104.1410949,30.6327364,POINT (104.1410949 30.6327364)
,386,6243808274,,,,,104.1413149,30.6332511,POINT (104.1413149 30.6332511)
,387,6243808275,,,,,104.1415268,30.6338788,POINT (104.1415268 30.6338788)
,388,6243808276,,,,,104.1416233,30.6342573,POINT (104.1416233 30.6342573)
,389,6243808277,,,,,104.1417226,30.6346496,POINT (104.1417226 30.6346496)
,390,6243808278,,,,,104.1418298,30.6350928,POINT (104.1418298 30.6350928)
,391,6243808279,,,,,104.1419961,30.6357459,POINT (104.1419961 30.6357459)
,392,6243808280,,,,,104.1420862,30.6361159,POINT (104.1420862 30.6361159)
,393,6243981846,,,,,104.1375573,30.6266013,POINT (104.1375573 30.6266013)
,394,6243981847,,,,,104.1379278,30.626995,POINT (104.1379278 30.626995)
,395,6243981848,,,,,104.1382389,30.6273805,POINT (104.1382389 30.6273805)
,396,6243981849,,,,,104.1386118,30.6278836,POINT (104.1386118 30.6278836)
,397,6243981850,,,,,104.1389041,30.6283591,POINT (104.1389041 30.6283591)
,398,6243981851,,,,,104.1391992,30.6289268,POINT (104.1391992 30.6289268)
,399,6243981852,,,,,104.1410277,30.6327716,POINT (104.1410277 30.6327716)
,400,6243981853,,,,,104.1411657,30.6330914,POINT (104.1411657 30.6330914)
,401,6243981854,,,,,104.1412825,30.6333838,POINT (104.1412825 30.6333838)
,402,6243981855,,,,,104.1413993,30.6337309,POINT (104.1413993 30.6337309)
,403,6243981856,,,,,104.1414913,30.6340111,POINT (104.1414913 30.6340111)
,404,6243981857,,,,,104.1416683,30.6345775,POINT (104.1416683 30.6345775)
,405,6243981858,,,,,104.1417924,30.6349381,POINT (104.1417924 30.6349381)
,406,6243981859,,,,,104.1419539,30.6353999,POINT (104.1419539 30.6353999)
,407,6243981860,,,,,104.1419231,30.6351074,POINT (104.1419231 30.6351074)
,408,6243981861,,,,,104.1418877,30.6347907,POINT (104.1418877 30.6347907)
,409,6243981862,,,,,104.1418488,30.6345166,POINT (104.1418488 30.6345166)
,410,6243981863,,,,,104.1417851,30.6341633,POINT (104.1417851 30.6341633)
,411,6243981864,,,,,104.1417108,30.6338375,POINT (104.1417108 30.6338375)
,412,6243981865,,,,,104.1415798,30.6334051,POINT (104.1415798 30.6334051)
,413,6243981866,,,,,104.1414559,30.6330549,POINT (104.1414559 30.6330549)
,414,6243981867,,,,,104.1412896,30.6326468,POINT (104.1412896 30.6326468)
,415,6243981868,,,,,104.1394138,30.6287091,POINT (104.1394138 30.6287091)
,416,6243981869,,,,,104.139251,30.6284015,POINT (104.139251 30.6284015)
,417,6243981870,,,,,104.1389714,30.6279539,POINT (104.1389714 30.6279539)
,418,6243981871,,,,,104.1387662,30.6276737,POINT (104.1387662 30.6276737)
,419,6243981872,,,,,104.1384866,30.627293,POINT (104.1384866 30.627293)
,420,6243981873,,,,,104.1381149,30.6268666,POINT (104.1381149 30.6268666)
,421,6243981874,,,,,104.1377964,30.6265347,POINT (104.1377964 30.6265347)
,422,6243981875,,,,,104.1375355,30.6262981,POINT (104.1375355 30.6262981)
,423,6243981876,,,,,104.1372898,30.6263433,POINT (104.1372898 30.6263433)
,424,6243981877,,,,,104.1375076,30.6266575,POINT (104.1375076 30.6266575)
,425,6243981878,,,,,104.1378434,30.6271507,POINT (104.1378434 30.6271507)
,426,6243981879,,,,,104.1380868,30.6275484,POINT (104.1380868 30.6275484)
,427,6243981880,,,,,104.1383271,30.6279885,POINT (104.1383271 30.6279885)
,428,6243981881,,,,,104.1385983,30.6285452,POINT (104.1385983 30.6285452)
,429,6243981882,,,,,104.1388786,30.6291126,POINT (104.1388786 30.6291126)
,430,6243981883,,,,,104.1406841,30.6328958,POINT (104.1406841 30.6328958)
,431,6243981884,,,,,104.1409676,30.6335294,POINT (104.1409676 30.6335294)
,432,6243982385,,,,,104.1411216,30.633874,POINT (104.1411216 30.633874)
,433,6243982386,,,,,104.1413558,30.634505,POINT (104.1413558 30.634505)
,434,6243982387,,,,,104.1414507,30.6348575,POINT (104.1414507 30.6348575)
,435,6243982392,,,,,104.1352779,30.6257871,POINT (104.1352779 30.6257871)
,436,6243982393,,,,,104.1355564,30.6262909,POINT (104.1355564 30.6262909)
,437,6243982394,,,,,104.1356604,30.6264531,POINT (104.1356604 30.6264531)
,438,6243982395,,,,,104.1357516,30.6265754,POINT (104.1357516 30.6265754)
,439,6243982396,,,,,104.1358481,30.6267024,POINT (104.1358481 30.6267024)
,440,6243982397,,,,,104.136052,30.6269747,POINT (104.136052 30.6269747)
,441,6243982398,,,,,104.1362397,30.6272078,POINT (104.1362397 30.6272078)
,442,6243982399,,,,,104.1365375,30.6275725,POINT (104.1365375 30.6275725)
,443,6243982400,,,,,104.1367735,30.6278633,POINT (104.1367735 30.6278633)
,444,6243982401,,,,,104.1370042,30.6281587,POINT (104.1370042 30.6281587)
,445,6243982402,,,,,104.1371866,30.6284011,POINT (104.1371866 30.6284011)
,446,6243982403,,,,,104.1373985,30.6287473,POINT (104.1373985 30.6287473)
,447,6243982404,,,,,104.1375648,30.6290542,POINT (104.1375648 30.6290542)
,448,6243982405,,,,,104.1377257,30.6293774,POINT (104.1377257 30.6293774)
,449,6243982406,,,,,104.1360349,30.6272467,POINT (104.1360349 30.6272467)
,450,6243982407,,,,,104.1364077,30.6278122,POINT (104.1364077 30.6278122)
,451,6243982408,,,,,104.1367966,30.6285346,POINT (104.1367966 30.6285346)
,452,6243982409,,,,,104.1370997,30.6290885,POINT (104.1370997 30.6290885)
,453,6243982410,,,,,104.1373465,30.6295963,POINT (104.1373465 30.6295963)
,454,6243982411,,,,,104.1395686,30.634107,POINT (104.1395686 30.634107)
,455,6243982412,,,,,104.1366585,30.6282031,POINT (104.1366585 30.6282031)
,456,6243982413,,,,,104.1368772,30.6285822,POINT (104.1368772 30.6285822)
,457,6243982414,,,,,104.1371761,30.6291283,POINT (104.1371761 30.6291283)
,458,6243982415,,,,,104.1373394,30.6294491,POINT (104.1373394 30.6294491)
,459,6243982416,,,,,104.1337953,30.6222612,POINT (104.1337953 30.6222612)
,460,6243982417,,,,,104.1341875,30.622708,POINT (104.1341875 30.622708)
,461,6243982418,,,,,104.1348554,30.6235961,POINT (104.1348554 30.6235961)
,462,6243982419,,,,,104.1354461,30.6244079,POINT (104.1354461 30.6244079)
,463,6243982420,,,,,104.1361746,30.6253382,POINT (104.1361746 30.6253382)
,464,6243982421,,,,,104.1365622,30.6258626,POINT (104.1365622 30.6258626)
,465,6243982422,,,,,104.1371226,30.6266603,POINT (104.1371226 30.6266603)
,466,6243982423,,,,,104.1372371,30.626821,POINT (104.1372371 30.626821)
,467,6243982424,,,,,104.1374098,30.6271345,POINT (104.1374098 30.6271345)
,468,6243982425,,,,,104.1375733,30.6274258,POINT (104.1375733 30.6274258)
,469,6243982426,,,,,104.1368448,30.6262454,POINT (104.1368448 30.6262454)
,470,6243982427,,,,,104.1377251,30.6277192,POINT (104.1377251 30.6277192)
,471,6243982428,,,,,104.1378885,30.6280688,POINT (104.1378885 30.6280688)
,472,6243982429,,,,,104.1382411,30.6288162,POINT (104.1382411 30.6288162)
,473,6243982430,,,,,104.1384279,30.6292141,POINT (104.1384279 30.6292141)
,474,6243982431,,,,,104.1402702,30.6330494,POINT (104.1402702 30.6330494)
,475,6243982432,stop,,,,104.1393333,30.6311197,POINT (104.1393333 30.6311197)
,476,6243982433,,,,,104.1405475,30.6336671,POINT (104.1405475 30.6336671)
,477,6243982434,,,,,104.1408125,30.6342212,POINT (104.1408125 30.6342212)
,478,6243982435,,,,,104.1414164,30.6355149,POINT (104.1414164 30.6355149)
,479,6243982436,,,,,104.1416761,30.6360772,POINT (104.1416761 30.6360772)
,480,6243982437,,,,,104.1418752,30.6365774,POINT (104.1418752 30.6365774)
,481,6243982438,,,,,104.1408382,30.6344312,POINT (104.1408382 30.6344312)
,482,6243982439,,,,,104.1410661,30.6349412,POINT (104.1410661 30.6349412)
,483,6243982440,,,,,104.141278,30.6354051,POINT (104.141278 30.6354051)
,484,6243982441,,,,,104.1415458,30.6360066,POINT (104.1415458 30.6360066)
,485,6243982442,,,,,104.1367204,30.6262235,POINT (104.1367204 30.6262235)
,486,6243982443,,,,,104.1370159,30.626736,POINT (104.1370159 30.626736)
,487,6243982444,,,,,104.1372332,30.6271537,POINT (104.1372332 30.6271537)
,488,6243982445,,,,,104.1374102,30.6275299,POINT (104.1374102 30.6275299)
,489,6243982446,,,,,104.1375363,30.6278184,POINT (104.1375363 30.6278184)
,490,6243982447,,,,,104.1377079,30.6282477,POINT (104.1377079 30.6282477)
,491,6243982448,,,,,104.1379306,30.628797,POINT (104.1379306 30.628797)
,492,6243982449,,,,,104.1381747,30.6293117,POINT (104.1381747 30.6293117)
,493,6243982450,,,,,104.1399766,30.6331316,POINT (104.1399766 30.6331316)
,494,6243982451,,,,,104.1401961,30.6335976,POINT (104.1401961 30.6335976)
,495,6243982452,,,,,104.1403978,30.6339934,POINT (104.1403978 30.6339934)
,496,6243982453,,,,,104.1406066,30.6343863,POINT (104.1406066 30.6343863)
,497,6243982454,,,,,104.1407906,30.6347334,POINT (104.1407906 30.6347334)
,498,6243982455,,,,,104.141003,30.6350684,POINT (104.141003 30.6350684)
,499,6243982456,,,,,104.1411972,30.635382,POINT (104.1411972 30.635382)
,500,6243982457,,,,,104.1413659,30.6356653,POINT (104.1413659 30.6356653)
,501,6243982458,,,,,104.1416139,30.6361358,POINT (104.1416139 30.6361358)
,502,6243982459,,,,,104.1417643,30.6364559,POINT (104.1417643 30.6364559)
,503,6243982460,,,,,104.1419371,30.6368214,POINT (104.1419371 30.6368214)
,504,6243982461,,,,,104.1421709,30.6373304,POINT (104.1421709 30.6373304)
,505,6243982466,,,,,104.1375262,30.6277953,POINT (104.1375262 30.6277953)
,506,6243982467,,,,,104.1377549,30.6282911,POINT (104.1377549 30.6282911)
,507,6243982468,,,,,104.1380188,30.6288597,POINT (104.1380188 30.6288597)
,508,6243982469,,,,,104.1382453,30.6293258,POINT (104.1382453 30.6293258)
,509,6243982470,,,,,104.1400554,30.6331272,POINT (104.1400554 30.6331272)
,510,6243982471,,,,,104.1402556,30.6335646,POINT (104.1402556 30.6335646)
,511,6243982472,,,,,104.1404652,30.6340047,POINT (104.1404652 30.6340047)
,512,6243982473,,,,,104.1406808,30.634405,POINT (104.1406808 30.634405)
,513,6243982474,,,,,104.1409242,30.6348424,POINT (104.1409242 30.6348424)
,514,6243982475,,,,,104.1410598,30.6350943,POINT (104.1410598 30.6350943)
,515,6243982476,,,,,104.1419658,30.636805,POINT (104.1419658 30.636805)
,516,6243982477,,,,,104.1420401,30.6369907,POINT (104.1420401 30.6369907)
,517,6243982478,,,,,104.1355568,30.6246101,POINT (104.1355568 30.6246101)
,518,6243982479,,,,,104.1358192,30.6249882,POINT (104.1358192 30.6249882)
,519,6243982480,,,,,104.1360553,30.6253529,POINT (104.1360553 30.6253529)
,520,6243982481,,,,,104.1363315,30.6258214,POINT (104.1363315 30.6258214)
,521,6243982482,,,,,104.1365488,30.6262276,POINT (104.1365488 30.6262276)
,522,6243982483,,,,,104.1368519,30.6267885,POINT (104.1368519 30.6267885)
,523,6243982484,,,,,104.1371121,30.627317,POINT (104.1371121 30.627317)
,524,6243982485,,,,,104.137332,30.6278294,POINT (104.137332 30.6278294)
,525,6243982486,,,,,104.1375358,30.6282795,POINT (104.1375358 30.6282795)
,526,6243982487,,,,,104.1378148,30.6289188,POINT (104.1378148 30.6289188)
,527,6243982488,,,,,104.1380186,30.6293481,POINT (104.1380186 30.6293481)
,528,6243982489,,,,,104.1398404,30.63319,POINT (104.1398404 30.63319)
,529,6243982490,,,,,104.1401085,30.6337149,POINT (104.1401085 30.6337149)
,530,6243982491,,,,,104.1403734,30.6342186,POINT (104.1403734 30.6342186)
,531,6243982492,,,,,104.1407,30.6348204,POINT (104.1407 30.6348204)
,532,6243982493,,,,,104.1411314,30.6355282,POINT (104.1411314 30.6355282)
,533,6243982494,,,,,104.1415011,30.6361432,POINT (104.1415011 30.6361432)
,534,6243982495,,,,,104.1417199,30.6365276,POINT (104.1417199 30.6365276)
,535,6243982496,,,,,104.1419109,30.6368749,POINT (104.1419109 30.6368749)
,536,6243982497,,,,,104.1420711,30.6372407,POINT (104.1420711 30.6372407)
,537,6243982498,,,,,104.1421943,30.6375377,POINT (104.1421943 30.6375377)
,538,6243982499,,,,,104.1424439,30.6381421,POINT (104.1424439 30.6381421)
,539,6243982500,,,,,104.1414473,30.6360537,POINT (104.1414473 30.6360537)
,540,6243982501,,,,,104.1410642,30.6354891,POINT (104.1410642 30.6354891)
,541,6243982502,,,,,104.1407288,30.6350029,POINT (104.1407288 30.6350029)
,542,6243982503,,,,,104.1404299,30.6345779,POINT (104.1404299 30.6345779)
,543,6243982504,,,,,104.1402755,30.6343488,POINT (104.1402755 30.6343488)
,544,6243982505,,,,,104.1400641,30.6340427,POINT (104.1400641 30.6340427)
,545,6243982506,,,,,104.1398933,30.6337628,POINT (104.1398933 30.6337628)
,546,6243982507,,,,,104.1397896,30.6335792,POINT (104.1397896 30.6335792)
,547,6243982508,,,,,104.1397043,30.633413,POINT (104.1397043 30.633413)
,548,6243982509,,,,,104.139627,30.6332609,POINT (104.139627 30.6332609)
,549,6243982510,,,,,104.1377807,30.6293711,POINT (104.1377807 30.6293711)
,550,6243982511,,,,,104.1376181,30.6290283,POINT (104.1376181 30.6290283)
,551,6243982512,,,,,104.1375205,30.6287974,POINT (104.1375205 30.6287974)
,552,6243982513,,,,,104.1374433,30.628598,POINT (104.1374433 30.628598)
,553,6243982514,,,,,104.137364,30.6283776,POINT (104.137364 30.6283776)
,554,6243982515,,,,,104.1372766,30.6280908,POINT (104.1372766 30.6280908)
,555,6243982516,,,,,104.1371892,30.6277969,POINT (104.1371892 30.6277969)
,556,6243982517,,,,,104.1371038,30.6275118,POINT (104.1371038 30.6275118)
,557,6243982518,,,,,104.1370245,30.6272809,POINT (104.1370245 30.6272809)
,558,6243982519,,,,,104.1369249,30.6270413,POINT (104.1369249 30.6270413)
,559,6243982520,,,,,104.1367826,30.6267334,POINT (104.1367826 30.6267334)
,560,6243982521,,,,,104.1365589,30.6262464,POINT (104.1365589 30.6262464)
,561,6243982522,,,,,104.1372484,30.6276346,POINT (104.1372484 30.6276346)
,562,6243982523,,,,,104.1373914,30.6280443,POINT (104.1373914 30.6280443)
,563,6243982524,,,,,104.1374626,30.628228,POINT (104.1374626 30.628228)
,564,6243982525,,,,,104.1375357,30.6284169,POINT (104.1375357 30.6284169)
,565,6243982526,,,,,104.1376475,30.628702,POINT (104.1376475 30.628702)
,566,6243982527,,,,,104.1377329,30.6288961,POINT (104.1377329 30.6288961)
,567,6243982528,,,,,104.1378447,30.629134,POINT (104.1378447 30.629134)
,568,6243982529,,,,,104.1379626,30.6293789,POINT (104.1379626 30.6293789)
,569,6243982530,,,,,104.139787,30.6332197,POINT (104.139787 30.6332197)
,570,6243982531,,,,,104.140023,30.6336882,POINT (104.140023 30.6336882)
,571,6243982532,,,,,104.1401571,30.6339282,POINT (104.1401571 30.6339282)
,572,6243982533,,,,,104.1403054,30.6341787,POINT (104.1403054 30.6341787)
,573,6243982534,,,,,104.1406886,30.6347993,POINT (104.1406886 30.6347993)
,574,6243982549,,,,,104.1439133,30.6429554,POINT (104.1439133 30.6429554)
,575,6243982618,,,,,104.1454236,30.646151,POINT (104.1454236 30.646151)
,576,6243982619,,,,,104.1438208,30.642758,POINT (104.1438208 30.642758)
,577,6243982628,,,,,104.1441942,30.643908,POINT (104.1441942 30.643908)
,578,6243982629,,,,,104.1444341,30.6444186,POINT (104.1444341 30.6444186)
,579,6243982630,,,,,104.145052,30.6457153,POINT (104.145052 30.6457153)
,580,6243982897,,,,,104.1446804,30.6449413,POINT (104.1446804 30.6449413)
,581,6243982900,,,,,104.1433382,30.6422046,POINT (104.1433382 30.6422046)
,582,6243982903,,,,,104.1403833,30.6358401,POINT (104.1403833 30.6358401)
,583,6243982904,,,,,104.1404955,30.6359788,POINT (104.1404955 30.6359788)
,584,6243982905,,,,,104.1368959,30.6295495,POINT (104.1368959 30.6295495)
,585,6243982906,,,,,104.1366053,30.6290593,POINT (104.1366053 30.6290593)
,586,6243982907,,,,,104.1363833,30.6284387,POINT (104.1363833 30.6284387)
,587,6243982908,,,,,104.1361472,30.6277758,POINT (104.1361472 30.6277758)
,588,6243982909,,,,,104.1359562,30.6273808,POINT (104.1359562 30.6273808)
,589,6243982910,,,,,104.1358144,30.6270706,POINT (104.1358144 30.6270706)
,590,6243982911,,,,,104.135571,30.6266331,POINT (104.135571 30.6266331)
,591,6243982912,,,,,104.1351428,30.6258643,POINT (104.1351428 30.6258643)
,592,6243982913,,,,,104.1366432,30.6289901,POINT (104.1366432 30.6289901)
,593,6243982914,,,,,104.1365231,30.6286958,POINT (104.1365231 30.6286958)
,594,6243982915,,,,,104.1364029,30.6284015,POINT (104.1364029 30.6284015)
,595,6243982916,,,,,104.1350297,30.6256347,POINT (104.1350297 30.6256347)
,596,6243982917,,,,,104.1348853,30.6253374,POINT (104.1348853 30.6253374)
,597,6243982919,,,,,104.1353084,30.6260433,POINT (104.1353084 30.6260433)
,598,6243982920,,,,,104.1355328,30.6264962,POINT (104.1355328 30.6264962)
,599,6243982921,,,,,104.1356752,30.6267434,POINT (104.1356752 30.6267434)
,600,6243982922,,,,,104.1358597,30.6270548,POINT (104.1358597 30.6270548)
,601,6243982923,,,,,104.1360932,30.6274627,POINT (104.1360932 30.6274627)
,602,6243982924,,,,,104.1362846,30.6278083,POINT (104.1362846 30.6278083)
,603,6243982925,,,,,104.1365532,30.6283347,POINT (104.1365532 30.6283347)
,604,6243982926,,,,,104.136754,30.6287386,POINT (104.136754 30.6287386)
,605,6243982927,,,,,104.1369898,30.6292208,POINT (104.1369898 30.6292208)
,606,6243982928,,,,,104.1370832,30.6294277,POINT (104.1370832 30.6294277)
,607,6243982929,,,,,104.1371953,30.6296407,POINT (104.1371953 30.6296407)
,608,6243982930,,,,,104.137048,30.6294742,POINT (104.137048 30.6294742)
,609,6243982931,,,,,104.1368924,30.6291603,POINT (104.1368924 30.6291603)
,610,6243982932,,,,,104.1367529,30.6288857,POINT (104.1367529 30.6288857)
,611,6243982933,,,,,104.1366027,30.628551,POINT (104.1366027 30.628551)
,612,6243982934,,,,,104.1363935,30.6281425,POINT (104.1363935 30.6281425)
,613,6243982935,,,,,104.1362192,30.6277917,POINT (104.1362192 30.6277917)
,614,6243982936,,,,,104.136077,30.6275447,POINT (104.136077 30.6275447)
,615,6243982937,,,,,104.1358716,30.6271958,POINT (104.1358716 30.6271958)
,616,6243982938,,,,,104.1358271,30.6269144,POINT (104.1358271 30.6269144)
,617,6243982939,,,,,104.1360009,30.6271419,POINT (104.1360009 30.6271419)
,618,6243982940,,,,,104.1362396,30.6274812,POINT (104.1362396 30.6274812)
,619,6243982941,,,,,104.1364837,30.6278066,POINT (104.1364837 30.6278066)
,620,6243982942,,,,,104.136591,30.6279659,POINT (104.136591 30.6279659)
,621,6243982943,,,,,104.1368324,30.6283029,POINT (104.1368324 30.6283029)
,622,6243982944,,,,,104.1370899,30.6286814,POINT (104.1370899 30.6286814)
,623,6243982945,,,,,104.1372669,30.6289722,POINT (104.1372669 30.6289722)
,624,6243982946,,,,,104.137401,30.6292261,POINT (104.137401 30.6292261)
,625,6243982947,,,,,104.1375405,30.6295169,POINT (104.1375405 30.6295169)
,626,6243982948,,,,,104.1436641,30.6425523,POINT (104.1436641 30.6425523)
,627,6243982949,,,,,104.143817,30.6428685,POINT (104.143817 30.6428685)
,628,6243982950,,,,,104.1439887,30.6432377,POINT (104.1439887 30.6432377)
,629,6243982951,,,,,104.1442274,30.6437223,POINT (104.1442274 30.6437223)
,630,6243982952,,,,,104.1445385,30.6443984,POINT (104.1445385 30.6443984)
,631,6243982953,,,,,104.1448014,30.6449615,POINT (104.1448014 30.6449615)
,632,6243982954,,,,,104.1451098,30.6456099,POINT (104.1451098 30.6456099)
,633,6243982955,,,,,104.145303,30.6460184,POINT (104.145303 30.6460184)
,634,6244215828,,,,,104.1320417,30.619769,POINT (104.1320417 30.619769)
,635,6244215860,,,,,104.1453734,30.6461666,POINT (104.1453734 30.6461666)
,636,6244215863,,,,,104.1453802,30.6465194,POINT (104.1453802 30.6465194)
,637,6244215864,,,,,104.1454302,30.646499,POINT (104.1454302 30.646499)
,638,6278320155,,,,,104.1358685,30.6249473,POINT (104.1358685 30.6249473)
,639,6278320156,,,,,104.1363255,30.6256456,POINT (104.1363255 30.6256456)
,640,6278320157,,,,,104.1357876,30.6244621,POINT (104.1357876 30.6244621)
,641,6278320158,,,,,104.1358059,30.6246051,POINT (104.1358059 30.6246051)
,642,6278320159,,,,,104.1362007,30.6250471,POINT (104.1362007 30.6250471)
,643,6278320160,,,,,104.1356388,30.6244675,POINT (104.1356388 30.6244675)
,644,6278320161,,,,,104.1350571,30.623785,POINT (104.1350571 30.623785)
,645,6278320162,,,,,104.1354785,30.6244493,POINT (104.1354785 30.6244493)
,646,6278320163,,,,,104.134597,30.6231718,POINT (104.134597 30.6231718)
,647,6278320164,,,,,104.135073,30.6237169,POINT (104.135073 30.6237169)
,648,6278320165,,,,,104.1342068,30.6224738,POINT (104.1342068 30.6224738)
,649,6278320166,,,,,104.1345263,30.6229814,POINT (104.1345263 30.6229814)
,650,6278320167,,,,,104.1336646,30.6218307,POINT (104.1336646 30.6218307)
,651,6278320168,,,,,104.1340548,30.622435,POINT (104.1340548 30.622435)
,652,6278320169,,,,,104.1334819,30.62167,POINT (104.1334819 30.62167)
,653,6278320170,,,,,104.1339475,30.6223902,POINT (104.1339475 30.6223902)
,654,6278320171,,,,,104.1325209,30.6204877,POINT (104.1325209 30.6204877)
,655,6278320172,,,,,104.1329979,30.6210314,POINT (104.1329979 30.6210314)
,656,6278320173,,,,,104.134441,30.623045,POINT (104.134441 30.623045)
,657,6278320174,,,,,104.1348628,30.623686,POINT (104.1348628 30.623686)
,658,6278320175,,,,,104.1355529,30.6241909,POINT (104.1355529 30.6241909)
,659,6278320176,,,,,104.1365429,30.6252922,POINT (104.1365429 30.6252922)
,660,6278320177,,,,,104.1363961,30.6251361,POINT (104.1363961 30.6251361)
,661,6278321762,stop,,,,104.1380446,30.6315777,POINT (104.1380446 30.6315777)
,662,6278321763,stop,,,,104.1381059,30.6315559,POINT (104.1381059 30.6315559)
,663,6278321764,stop,,,,104.1385169,30.6314098,POINT (104.1385169 30.6314098)
,664,6278321765,stop,,,,104.1386581,30.6313596,POINT (104.1386581 30.6313596)
,665,6373358244,,,,,104.1347669,30.6250779,POINT (104.1347669 30.6250779)
,666,6373358246,,,,,104.1341068,30.6237812,POINT (104.1341068 30.6237812)
,667,6544881648,,,,,104.1439326,30.6416416,POINT (104.1439326 30.6416416)
,668,6544881649,,,,,104.1432558,30.6399287,POINT (104.1432558 30.6399287)
,669,6544881650,,,,,104.1436068,30.6406839,POINT (104.1436068 30.6406839)
,670,6544881651,,,,,104.1432592,30.6397952,POINT (104.1432592 30.6397952)
,671,6544881654,,,,,104.1428949,30.6390182,POINT (104.1428949 30.6390182)
,672,6544881656,,,,,104.1425091,30.6383115,POINT (104.1425091 30.6383115)
,673,6544881657,,,,,104.1429585,30.639021,POINT (104.1429585 30.639021)
,674,6544881658,,,,,104.1428152,30.6385303,POINT (104.1428152 30.6385303)
,675,7773088687,,,,,104.134152,30.6237606,POINT (104.134152 30.6237606)
,676,7773118511,,,,,104.1331306,30.6211225,POINT (104.1331306 30.6211225)
,677,7773118512,,,,,104.1338181,30.6219581,POINT (104.1338181 30.6219581)
,678,7773118513,,,,,104.135145,30.6236511,POINT (104.135145 30.6236511)
,679,7773118514,,,,,104.1346623,30.6230797,POINT (104.1346623 30.6230797)
,680,7773118515,,,,,104.1363082,30.6252726,POINT (104.1363082 30.6252726)
,681,7773118516,,,,,104.1358152,30.6246964,POINT (104.1358152 30.6246964)
