name,link_id,osm_way_id,from_node_id,to_node_id,dir_flag,length,lanes,free_speed,capacity,link_type_name,link_type,geometry,allowed_uses,from_biway,is_link,VDF_fftt1,VDF_cap1
内环高架路,0,8881008,0,1,1,51.61,3,,,trunk,2,"LINESTRING (121.4914422 31.2877320, 121.4909000 31.2877317)",auto;bike;walk,0,0,,
内环高架路,1,9205136,2,3,1,661.68,2,80,,trunk,2,"LINESTRING (121.4909000 31.2876575, 121.4918083 31.2876597, 121.4922549 31.2876810, 121.4925853 31.2877337, 121.4929053 31.2878152, 121.4931896 31.2879063, 121.4934463 31.2880257, 121.4936272 31.2881225, 121.4938429 31.2882628, 121.4944080 31.2886711, 121.4947355 31.2888962, 121.4950138 31.2890539, 121.4951991 31.2891380, 121.4954708 31.2892379, 121.4957635 31.2893095, 121.4961583 31.2893755, 121.4969479 31.2893829, 121.4973024 31.2893699)",auto;bike;walk,0,0,,
内环高架路,2,9205136,3,4,1,612.1,2,80,,trunk,2,"LINESTRING (121.4973024 31.2893699, 121.4975714 31.2893601, 121.4981348 31.2893486, 121.4988746 31.2893233, 121.4995506 31.2892944, 121.4999657 31.2892754, 121.5001579 31.2892556, 121.5003436 31.2892273, 121.5007217 31.2891473, 121.5010467 31.2890584, 121.5013309 31.2889668, 121.5023431 31.2886043, 121.5035000 31.2881921)",auto;bike;walk,0,0,,
密云路,3,24465848,5,6,1,55.39,,,,tertiary,5,"LINESTRING (121.4926160 31.2877267, 121.4927548 31.2876946, 121.4928053 31.2876624, 121.4928259 31.2876437, 121.4928440 31.2876147, 121.4928581 31.2875794, 121.4928644 31.2875459, 121.4928650 31.2875080, 121.4928580 31.2874661, 121.4928440 31.2874252, 121.4928075 31.2873631)",auto;bike;walk,0,0,,
,4,24465993,7,8,1,12.7,,,,service,8,"LINESTRING (121.4978714 31.2862857, 121.4978134 31.2861825)",bike;walk,1,0,,
,5,24465993,8,7,1,12.7,,,,service,8,"LINESTRING (121.4978134 31.2861825, 121.4978714 31.2862857)",bike;walk,1,0,,
四平路,6,24474354,9,10,1,66.85,,,,primary,3,"LINESTRING (121.5035000 31.2873414, 121.5032206 31.2867881)",auto;bike;walk,0,0,,
四平路,7,24474354,10,279,1,285.7,,,,primary,3,"LINESTRING (121.5032206 31.2867881, 121.5026238 31.2856460, 121.5022228 31.2848844, 121.5019877 31.2844378)",auto;bike;walk,0,0,,
四平路,8,24474354,279,12,1,119.4,,,,primary,3,"LINESTRING (121.5019877 31.2844378, 121.5018058 31.2840936, 121.5016992 31.2838992, 121.5016115 31.2837317, 121.5014587 31.2835466, 121.5014128 31.2834841)",auto;bike;walk,0,0,,
四平路,9,24474354,12,13,1,258.98,,,,primary,3,"LINESTRING (121.5014128 31.2834841, 121.5013763 31.2834256, 121.5012995 31.2832717, 121.5011853 31.2830338, 121.5004740 31.2816405, 121.5003172 31.2813455)",auto;bike;walk,0,0,,
四平路,10,24474354,13,14,1,56.73,,,,primary,3,"LINESTRING (121.5003172 31.2813455, 121.5000793 31.2808762)",auto;bike;walk,0,0,,
四平路,11,24474354,14,15,1,45.7,,,,primary,3,"LINESTRING (121.5000793 31.2808762, 121.4998826 31.2805000)",auto;bike;walk,0,0,,
国康路,12,24474427,10,16,1,135.13,,,,residential,6,"LINESTRING (121.5032206 31.2867881, 121.5023681 31.2870573, 121.5018958 31.2872259)",auto;bike;walk,1,0,,
国康路,13,24474427,16,10,1,135.13,,,,residential,6,"LINESTRING (121.5018958 31.2872259, 121.5023681 31.2870573, 121.5032206 31.2867881)",auto;bike;walk,1,0,,
国康路,14,24474427,16,17,1,250.03,,,,residential,6,"LINESTRING (121.5018958 31.2872259, 121.4994669 31.2880853)",auto;bike;walk,1,0,,
国康路,15,24474427,17,16,1,250.03,,,,residential,6,"LINESTRING (121.4994669 31.2880853, 121.5018958 31.2872259)",auto;bike;walk,1,0,,
国康路,16,24474427,17,18,1,19.97,,,,residential,6,"LINESTRING (121.4994669 31.2880853, 121.4992742 31.2881566)",auto;bike;walk,1,0,,
国康路,17,24474427,18,17,1,19.97,,,,residential,6,"LINESTRING (121.4992742 31.2881566, 121.4994669 31.2880853)",auto;bike;walk,1,0,,
国康路,18,24474427,18,19,1,159.4,,,,residential,6,"LINESTRING (121.4992742 31.2881566, 121.4987678 31.2883322, 121.4981894 31.2885370, 121.4976983 31.2886303)",auto;bike;walk,1,0,,
国康路,19,24474427,19,18,1,159.4,,,,residential,6,"LINESTRING (121.4976983 31.2886303, 121.4981894 31.2885370, 121.4987678 31.2883322, 121.4992742 31.2881566)",auto;bike;walk,1,0,,
国康路,20,24474427,19,20,1,89.65,,,,residential,6,"LINESTRING (121.4976983 31.2886303, 121.4974071 31.2886856, 121.4971755 31.2887191, 121.4969076 31.2887589, 121.4967763 31.2887924)",auto;bike;walk,1,0,,
国康路,21,24474427,20,19,1,89.65,,,,residential,6,"LINESTRING (121.4967763 31.2887924, 121.4969076 31.2887589, 121.4971755 31.2887191, 121.4974071 31.2886856, 121.4976983 31.2886303)",auto;bike;walk,1,0,,
国康路,22,24474427,20,21,1,65.51,,,,residential,6,"LINESTRING (121.4967763 31.2887924, 121.4967000 31.2888614, 121.4966591 31.2889366, 121.4966337 31.2890057, 121.4966274 31.2890771, 121.4966370 31.2892897, 121.4966392 31.2893458)",auto;bike;walk,1,0,,
国康路,23,24474427,21,20,1,65.51,,,,residential,6,"LINESTRING (121.4966392 31.2893458, 121.4966370 31.2892897, 121.4966274 31.2890771, 121.4966337 31.2890057, 121.4966591 31.2889366, 121.4967000 31.2888614, 121.4967763 31.2887924)",auto;bike;walk,1,0,,
彰武路,26,24474442,279,23,1,78.57,,,,tertiary,5,"LINESTRING (121.5021631 31.2843723, 121.5029209 31.2840911)",auto;bike;walk,1,0,,
彰武路,27,24474442,23,279,1,78.57,,,,tertiary,5,"LINESTRING (121.5029209 31.2840911, 121.5021631 31.2843723)",auto;bike;walk,1,0,,
彰武路,28,24474442,23,24,1,60.27,,,,tertiary,5,"LINESTRING (121.5029209 31.2840911, 121.5035000 31.2838712)",auto;bike;walk,1,0,,
彰武路,29,24474442,24,23,1,60.27,,,,tertiary,5,"LINESTRING (121.5035000 31.2838712, 121.5029209 31.2840911)",auto;bike;walk,1,0,,
密云路,30,30839385,25,26,1,28.64,,,,tertiary,5,"LINESTRING (121.4963085 31.2901000, 121.4960858 31.2899262)",auto;bike;walk,1,0,,
密云路,31,30839385,26,25,1,28.64,,,,tertiary,5,"LINESTRING (121.4960858 31.2899262, 121.4963085 31.2901000)",auto;bike;walk,1,0,,
密云路,32,30839385,26,27,1,63.82,,,,tertiary,5,"LINESTRING (121.4960858 31.2899262, 121.4959003 31.2897814, 121.4957122 31.2896402, 121.4955806 31.2895477)",auto;bike;walk,1,0,,
密云路,33,30839385,27,26,1,63.82,,,,tertiary,5,"LINESTRING (121.4955806 31.2895477, 121.4957122 31.2896402, 121.4959003 31.2897814, 121.4960858 31.2899262)",auto;bike;walk,1,0,,
赤峰路,34,35751584,28,29,1,73.74,,,,tertiary,5,"LINESTRING (121.4916659 31.2840381, 121.4914160 31.2840858, 121.4911476 31.2841173, 121.4909360 31.2841261, 121.4909000 31.2841270)",auto;bike;walk,0,0,,
,35,37695072,16,30,1,27.01,,,,service,8,"LINESTRING (121.5018958 31.2872259, 121.5018716 31.2871766, 121.5017873 31.2870007)",bike;walk,1,0,,
,36,37695072,30,16,1,27.01,,,,service,8,"LINESTRING (121.5017873 31.2870007, 121.5018716 31.2871766, 121.5018958 31.2872259)",bike;walk,1,0,,
,37,37695072,30,31,1,45.73,,,,service,8,"LINESTRING (121.5017873 31.2870007, 121.5017010 31.2870307, 121.5015494 31.2867246)",bike;walk,1,0,,
,38,37695072,31,30,1,45.73,,,,service,8,"LINESTRING (121.5015494 31.2867246, 121.5017010 31.2870307, 121.5017873 31.2870007)",bike;walk,1,0,,
,39,37695072,31,32,1,38.71,,,,service,8,"LINESTRING (121.5015494 31.2867246, 121.5013902 31.2864032)",bike;walk,1,0,,
,40,37695072,32,31,1,38.71,,,,service,8,"LINESTRING (121.5013902 31.2864032, 121.5015494 31.2867246)",bike;walk,1,0,,
,41,37695072,32,33,1,40,,,,service,8,"LINESTRING (121.5013902 31.2864032, 121.5012257 31.2860711)",bike;walk,1,0,,
,42,37695072,33,32,1,40,,,,service,8,"LINESTRING (121.5012257 31.2860711, 121.5013902 31.2864032)",bike;walk,1,0,,
赤峰路,43,39687155,28,34,1,60.18,,,,tertiary,5,"LINESTRING (121.4916659 31.2840381, 121.4917560 31.2840150, 121.4919180 31.2839736, 121.4922581 31.2838502)",auto;bike;walk,1,0,,
赤峰路,44,39687155,34,28,1,60.18,,,,tertiary,5,"LINESTRING (121.4922581 31.2838502, 121.4919180 31.2839736, 121.4917560 31.2840150, 121.4916659 31.2840381)",auto;bike;walk,1,0,,
赤峰路,45,39687155,34,35,1,364.11,,,,tertiary,5,"LINESTRING (121.4922581 31.2838502, 121.4923357 31.2838222, 121.4957545 31.2825173)",auto;bike;walk,1,0,,
赤峰路,46,39687155,35,34,1,364.11,,,,tertiary,5,"LINESTRING (121.4957545 31.2825173, 121.4923357 31.2838222, 121.4922581 31.2838502)",auto;bike;walk,1,0,,
赤峰路,47,39687155,35,36,1,234.8,,,,tertiary,5,"LINESTRING (121.4957545 31.2825173, 121.4980098 31.2816591)",auto;bike;walk,1,0,,
赤峰路,48,39687155,36,35,1,234.8,,,,tertiary,5,"LINESTRING (121.4980098 31.2816591, 121.4957545 31.2825173)",auto;bike;walk,1,0,,
赤峰路,49,39687155,36,14,1,215.25,,,,tertiary,5,"LINESTRING (121.4980098 31.2816591, 121.4985154 31.2814667, 121.4998731 31.2809501, 121.5000793 31.2808762)",auto;bike;walk,1,0,,
赤峰路,50,39687155,14,36,1,215.25,,,,tertiary,5,"LINESTRING (121.5000793 31.2808762, 121.4998731 31.2809501, 121.4985154 31.2814667, 121.4980098 31.2816591)",auto;bike;walk,1,0,,
赤峰路,51,39687155,14,37,1,20.06,,,,tertiary,5,"LINESTRING (121.5000793 31.2808762, 121.5002729 31.2808046)",auto;bike;walk,1,0,,
赤峰路,52,39687155,37,14,1,20.06,,,,tertiary,5,"LINESTRING (121.5002729 31.2808046, 121.5000793 31.2808762)",auto;bike;walk,1,0,,
辉河路,53,39687304,38,39,1,4.6,,,,tertiary,5,"LINESTRING (121.4937848 31.2901000, 121.4937848 31.2900585)",auto;bike;walk,1,0,,
辉河路,54,39687304,39,38,1,4.6,,,,tertiary,5,"LINESTRING (121.4937848 31.2900585, 121.4937848 31.2901000)",auto;bike;walk,1,0,,
辉河路,55,39687304,39,40,1,144.79,,,,tertiary,5,"LINESTRING (121.4937848 31.2900585, 121.4940652 31.2898048, 121.4943125 31.2895641, 121.4947398 31.2891693, 121.4948094 31.2890934)",auto;bike;walk,1,0,,
辉河路,56,39687304,40,39,1,144.79,,,,tertiary,5,"LINESTRING (121.4948094 31.2890934, 121.4947398 31.2891693, 121.4943125 31.2895641, 121.4940652 31.2898048, 121.4937848 31.2900585)",auto;bike;walk,1,0,,
辉河路,57,39687304,40,41,1,18.45,,,,tertiary,5,"LINESTRING (121.4948094 31.2890934, 121.4949117 31.2889520)",auto;bike;walk,1,0,,
辉河路,58,39687304,41,40,1,18.45,,,,tertiary,5,"LINESTRING (121.4949117 31.2889520, 121.4948094 31.2890934)",auto;bike;walk,1,0,,
巴林路,59,39687333,42,43,1,8.97,,,,residential,6,"LINESTRING (121.4909000 31.2900666, 121.4909942 31.2900664)",auto;bike;walk,1,0,,
巴林路,60,39687333,43,42,1,8.97,,,,residential,6,"LINESTRING (121.4909942 31.2900664, 121.4909000 31.2900666)",auto;bike;walk,1,0,,
巴林路,61,39687333,43,44,1,59.83,,,,residential,6,"LINESTRING (121.4909942 31.2900664, 121.4916228 31.2900656)",auto;bike;walk,1,0,,
巴林路,62,39687333,44,43,1,59.83,,,,residential,6,"LINESTRING (121.4916228 31.2900656, 121.4909942 31.2900664)",auto;bike;walk,1,0,,
巴林路,63,39687333,44,45,1,13.3,,,,residential,6,"LINESTRING (121.4916228 31.2900656, 121.4917625 31.2900654)",auto;bike;walk,1,0,,
巴林路,64,39687333,45,44,1,13.3,,,,residential,6,"LINESTRING (121.4917625 31.2900654, 121.4916228 31.2900656)",auto;bike;walk,1,0,,
巴林路,65,39687333,45,39,1,192.48,,,,residential,6,"LINESTRING (121.4917625 31.2900654, 121.4937848 31.2900585)",auto;bike;walk,1,0,,
巴林路,66,39687333,39,45,1,192.48,,,,residential,6,"LINESTRING (121.4937848 31.2900585, 121.4917625 31.2900654)",auto;bike;walk,1,0,,
密云路,67,39687617,6,46,1,133.96,,,,tertiary,5,"LINESTRING (121.4928075 31.2873631, 121.4928407 31.2873943, 121.4928719 31.2874211, 121.4929007 31.2874424, 121.4929401 31.2874692, 121.4929826 31.2875001, 121.4930230 31.2875294, 121.4934501 31.2878790, 121.4936152 31.2880100, 121.4938295 31.2881933)",auto;bike;walk,0,0,,
同一路,68,49212299,23,47,1,83.6,,,,service,8,"LINESTRING (121.5029209 31.2840911, 121.5032207 31.2846003, 121.5033519 31.2847454)",bike;walk,1,0,,
同一路,69,49212299,47,23,1,83.6,,,,service,8,"LINESTRING (121.5033519 31.2847454, 121.5032207 31.2846003, 121.5029209 31.2840911)",bike;walk,1,0,,
同一路,70,49212299,47,48,1,18.61,,,,service,8,"LINESTRING (121.5033519 31.2847454, 121.5035000 31.2848550)",bike;walk,1,0,,
同一路,71,49212299,48,47,1,18.61,,,,service,8,"LINESTRING (121.5035000 31.2848550, 121.5033519 31.2847454)",bike;walk,1,0,,
济一路,72,49212311,47,49,1,15.21,,,,service,8,"LINESTRING (121.5033519 31.2847454, 121.5035000 31.2846940)",bike;walk,1,0,,
济一路,73,49212311,49,47,1,15.21,,,,service,8,"LINESTRING (121.5035000 31.2846940, 121.5033519 31.2847454)",bike;walk,1,0,,
,74,49247354,50,51,1,102.55,,,,service,8,"LINESTRING (121.4962609 31.2834187, 121.4952711 31.2837842)",bike;walk,1,0,,
,75,49247354,51,50,1,102.55,,,,service,8,"LINESTRING (121.4952711 31.2837842, 121.4962609 31.2834187)",bike;walk,1,0,,
,76,49247354,51,52,1,82.71,,,,service,8,"LINESTRING (121.4952711 31.2837842, 121.4944726 31.2840786)",bike;walk,1,0,,
,77,49247354,52,51,1,82.71,,,,service,8,"LINESTRING (121.4944726 31.2840786, 121.4952711 31.2837842)",bike;walk,1,0,,
,78,49247354,52,53,1,100.27,,,,service,8,"LINESTRING (121.4944726 31.2840786, 121.4940510 31.2842347, 121.4940081 31.2843172, 121.4940896 31.2845052, 121.4938562 31.2845945)",bike;walk,1,0,,
,79,49247354,53,52,1,100.27,,,,service,8,"LINESTRING (121.4938562 31.2845945, 121.4940896 31.2845052, 121.4940081 31.2843172, 121.4940510 31.2842347, 121.4944726 31.2840786)",bike;walk,1,0,,
,80,49247354,53,54,1,104.52,,,,service,8,"LINESTRING (121.4938562 31.2845945, 121.4928532 31.2849784)",bike;walk,1,0,,
,81,49247354,54,53,1,104.52,,,,service,8,"LINESTRING (121.4928532 31.2849784, 121.4938562 31.2845945)",bike;walk,1,0,,
,82,49247485,55,56,1,49.37,,,,service,8,"LINESTRING (121.4986618 31.2846906, 121.4988959 31.2850881)",bike;walk,1,0,,
,83,49247485,56,55,1,49.37,,,,service,8,"LINESTRING (121.4988959 31.2850881, 121.4986618 31.2846906)",bike;walk,1,0,,
,84,49247485,56,57,1,45.55,,,,service,8,"LINESTRING (121.4988959 31.2850881, 121.4989511 31.2851788, 121.4988230 31.2854672)",bike;walk,1,0,,
,85,49247485,57,56,1,45.55,,,,service,8,"LINESTRING (121.4988230 31.2854672, 121.4989511 31.2851788, 121.4988959 31.2850881)",bike;walk,1,0,,
,86,49247485,57,58,1,5.56,,,,service,8,"LINESTRING (121.4988230 31.2854672, 121.4988505 31.2855115)",bike;walk,1,0,,
,87,49247485,58,57,1,5.56,,,,service,8,"LINESTRING (121.4988505 31.2855115, 121.4988230 31.2854672)",bike;walk,1,0,,
,88,49247485,58,59,1,35.7,,,,service,8,"LINESTRING (121.4988505 31.2855115, 121.4990267 31.2857959)",bike;walk,1,0,,
,89,49247485,59,58,1,35.7,,,,service,8,"LINESTRING (121.4990267 31.2857959, 121.4988505 31.2855115)",bike;walk,1,0,,
,90,49247485,59,60,1,47.98,,,,service,8,"LINESTRING (121.4990267 31.2857959, 121.4992646 31.2861776)",bike;walk,1,0,,
,91,49247485,60,59,1,47.98,,,,service,8,"LINESTRING (121.4992646 31.2861776, 121.4990267 31.2857959)",bike;walk,1,0,,
,92,49247485,60,61,1,63.43,,,,service,8,"LINESTRING (121.4992646 31.2861776, 121.4995785 31.2866825)",bike;walk,1,0,,
,93,49247485,61,60,1,63.43,,,,service,8,"LINESTRING (121.4995785 31.2866825, 121.4992646 31.2861776)",bike;walk,1,0,,
,94,49247486,62,63,1,11.06,,,,service,8,"LINESTRING (121.5003782 31.2858251, 121.5003289 31.2857347)",bike;walk,1,0,,
,95,49247486,63,62,1,11.06,,,,service,8,"LINESTRING (121.5003289 31.2857347, 121.5003782 31.2858251)",bike;walk,1,0,,
,96,49247486,63,64,1,49.02,,,,service,8,"LINESTRING (121.5003289 31.2857347, 121.5001105 31.2853341)",bike;walk,1,0,,
,97,49247486,64,63,1,49.02,,,,service,8,"LINESTRING (121.5001105 31.2853341, 121.5003289 31.2857347)",bike;walk,1,0,,
,98,49247486,64,65,1,13.77,,,,service,8,"LINESTRING (121.5001105 31.2853341, 121.5000492 31.2852216)",bike;walk,1,0,,
,99,49247486,65,64,1,13.77,,,,service,8,"LINESTRING (121.5000492 31.2852216, 121.5001105 31.2853341)",bike;walk,1,0,,
,100,49247486,65,66,1,13.01,,,,service,8,"LINESTRING (121.5000492 31.2852216, 121.4999912 31.2851153)",bike;walk,1,0,,
,101,49247486,66,65,1,13.01,,,,service,8,"LINESTRING (121.4999912 31.2851153, 121.5000492 31.2852216)",bike;walk,1,0,,
,102,49247486,66,67,1,45,,,,service,8,"LINESTRING (121.4999912 31.2851153, 121.4997907 31.2847476)",bike;walk,1,0,,
,103,49247486,67,66,1,45,,,,service,8,"LINESTRING (121.4997907 31.2847476, 121.4999912 31.2851153)",bike;walk,1,0,,
,104,49247486,67,68,1,20.57,,,,service,8,"LINESTRING (121.4997907 31.2847476, 121.4996991 31.2845795)",bike;walk,1,0,,
,105,49247486,68,67,1,20.57,,,,service,8,"LINESTRING (121.4996991 31.2845795, 121.4997907 31.2847476)",bike;walk,1,0,,
,106,49247573,69,70,1,32.34,,,,service,8,"LINESTRING (121.4955190 31.2848620, 121.4952148 31.2849919)",bike;walk,1,0,,
,107,49247573,70,69,1,32.34,,,,service,8,"LINESTRING (121.4952148 31.2849919, 121.4955190 31.2848620)",bike;walk,1,0,,
,108,49247573,70,71,1,30.91,,,,service,8,"LINESTRING (121.4952148 31.2849919, 121.4949243 31.2851166)",bike;walk,1,0,,
,109,49247573,71,70,1,30.91,,,,service,8,"LINESTRING (121.4949243 31.2851166, 121.4952148 31.2849919)",bike;walk,1,0,,
,110,49247573,71,72,1,141.99,,,,service,8,"LINESTRING (121.4949243 31.2851166, 121.4945999 31.2852555, 121.4948012 31.2855988, 121.4954085 31.2853328)",bike;walk,1,0,,
,111,49247573,72,71,1,141.99,,,,service,8,"LINESTRING (121.4954085 31.2853328, 121.4948012 31.2855988, 121.4945999 31.2852555, 121.4949243 31.2851166)",bike;walk,1,0,,
,112,49247574,71,73,1,30.56,,,,service,8,"LINESTRING (121.4949243 31.2851166, 121.4948120 31.2848583)",bike;walk,1,0,,
,113,49247574,73,71,1,30.56,,,,service,8,"LINESTRING (121.4948120 31.2848583, 121.4949243 31.2851166)",bike;walk,1,0,,
,114,49247574,73,52,1,92.26,,,,service,8,"LINESTRING (121.4948120 31.2848583, 121.4944726 31.2840786)",bike;walk,1,0,,
,115,49247574,52,73,1,92.26,,,,service,8,"LINESTRING (121.4944726 31.2840786, 121.4948120 31.2848583)",bike;walk,1,0,,
,116,49247575,74,73,1,61.61,,,,service,8,"LINESTRING (121.4953897 31.2846075, 121.4948120 31.2848583)",bike;walk,1,0,,
,117,49247575,73,74,1,61.61,,,,service,8,"LINESTRING (121.4948120 31.2848583, 121.4953897 31.2846075)",bike;walk,1,0,,
,118,49247575,73,75,1,69.71,,,,service,8,"LINESTRING (121.4948120 31.2848583, 121.4941561 31.2851381)",bike;walk,1,0,,
,119,49247575,75,73,1,69.71,,,,service,8,"LINESTRING (121.4941561 31.2851381, 121.4948120 31.2848583)",bike;walk,1,0,,
,120,49247576,69,76,1,17.16,,,,service,8,"LINESTRING (121.4955190 31.2848620, 121.4954467 31.2847202)",bike;walk,1,0,,
,121,49247576,76,69,1,17.16,,,,service,8,"LINESTRING (121.4954467 31.2847202, 121.4955190 31.2848620)",bike;walk,1,0,,
,122,49247576,76,74,1,13.62,,,,service,8,"LINESTRING (121.4954467 31.2847202, 121.4953897 31.2846075)",bike;walk,1,0,,
,123,49247576,74,76,1,13.62,,,,service,8,"LINESTRING (121.4953897 31.2846075, 121.4954467 31.2847202)",bike;walk,1,0,,
,124,49247576,74,77,1,19.56,,,,service,8,"LINESTRING (121.4953897 31.2846075, 121.4953014 31.2844481)",bike;walk,1,0,,
,125,49247576,77,74,1,19.56,,,,service,8,"LINESTRING (121.4953014 31.2844481, 121.4953897 31.2846075)",bike;walk,1,0,,
,126,49247579,34,54,1,137.27,,,,service,8,"LINESTRING (121.4922581 31.2838502, 121.4923134 31.2839525, 121.4928532 31.2849784)",bike;walk,1,0,,
,127,49247579,54,34,1,137.27,,,,service,8,"LINESTRING (121.4928532 31.2849784, 121.4923134 31.2839525, 121.4922581 31.2838502)",bike;walk,1,0,,
,128,49247579,54,78,1,66.36,,,,service,8,"LINESTRING (121.4928532 31.2849784, 121.4931352 31.2855260)",bike;walk,1,0,,
,129,49247579,78,54,1,66.36,,,,service,8,"LINESTRING (121.4931352 31.2855260, 121.4928532 31.2849784)",bike;walk,1,0,,
,130,49247579,78,79,1,70.61,,,,service,8,"LINESTRING (121.4931352 31.2855260, 121.4934288 31.2861111)",bike;walk,1,0,,
,131,49247579,79,78,1,70.61,,,,service,8,"LINESTRING (121.4934288 31.2861111, 121.4931352 31.2855260)",bike;walk,1,0,,
,132,49247579,79,80,1,14.11,,,,service,8,"LINESTRING (121.4934288 31.2861111, 121.4935331 31.2862016)",bike;walk,1,0,,
,133,49247579,80,79,1,14.11,,,,service,8,"LINESTRING (121.4935331 31.2862016, 121.4934288 31.2861111)",bike;walk,1,0,,
世纪大道,134,49247581,81,82,1,31.52,,,,service,8,"LINESTRING (121.4967275 31.2842494, 121.4964230 31.2843613)",bike;walk,1,0,,
世纪大道,135,49247581,82,81,1,31.52,,,,service,8,"LINESTRING (121.4964230 31.2843613, 121.4967275 31.2842494)",bike;walk,1,0,,
世纪大道,136,49247581,82,76,1,101.08,,,,service,8,"LINESTRING (121.4964230 31.2843613, 121.4954467 31.2847202)",bike;walk,1,0,,
世纪大道,137,49247581,76,82,1,101.08,,,,service,8,"LINESTRING (121.4954467 31.2847202, 121.4964230 31.2843613)",bike;walk,1,0,,
,138,50177923,45,83,1,3.83,,,,service,8,"LINESTRING (121.4917625 31.2900654, 121.4917623 31.2901000)",bike;walk,1,0,,
,139,50177923,83,45,1,3.83,,,,service,8,"LINESTRING (121.4917623 31.2901000, 121.4917625 31.2900654)",bike;walk,1,0,,
中山北二路,140,50773677,84,85,1,690.07,,,,primary,3,"LINESTRING (121.5035000 31.2881789, 121.5024583 31.2885706, 121.5019977 31.2887397, 121.5014312 31.2889466, 121.5010675 31.2890794, 121.5007022 31.2891985, 121.5004643 31.2892642, 121.5002338 31.2893145, 121.4999996 31.2893640, 121.4997628 31.2893981, 121.4994893 31.2894180, 121.4990089 31.2894424, 121.4977663 31.2894786, 121.4966408 31.2895045, 121.4965241 31.2895010)",auto;bike;walk,0,0,,
中山北二路,141,50773677,85,86,1,88.86,,,,primary,3,"LINESTRING (121.4965241 31.2895010, 121.4961918 31.2894912, 121.4958931 31.2894573, 121.4955990 31.2894072)",auto;bike;walk,0,0,,
中山北二路,142,50773677,86,87,1,47.38,,,,primary,3,"LINESTRING (121.4955990 31.2894072, 121.4953913 31.2893537, 121.4951293 31.2892666)",auto;bike;walk,0,0,,
中山北二路,143,50773677,87,40,1,36.04,,,,primary,3,"LINESTRING (121.4951293 31.2892666, 121.4948974 31.2891497, 121.4948094 31.2890934)",auto;bike;walk,0,0,,
中山北二路,144,50773677,40,88,1,415.73,,,,primary,3,"LINESTRING (121.4948094 31.2890934, 121.4937206 31.2883266, 121.4934275 31.2881623, 121.4931688 31.2880412, 121.4929522 31.2879587, 121.4927403 31.2878947, 121.4923876 31.2878182, 121.4921588 31.2877927, 121.4910113 31.2877702, 121.4909000 31.2877706)",auto;bike;walk,0,0,,
内环高架路,145,71461991,89,0,1,1222.19,3,80,,trunk,2,"LINESTRING (121.5035000 31.2882833, 121.5025559 31.2886110, 121.5013056 31.2890693, 121.5009132 31.2891871, 121.5006026 31.2892579, 121.5002920 31.2893130, 121.4999509 31.2893631, 121.4997263 31.2893773, 121.4980651 31.2894276, 121.4975155 31.2894353, 121.4969228 31.2894529, 121.4965211 31.2894561, 121.4962164 31.2894534, 121.4960881 31.2894415, 121.4959764 31.2894279, 121.4957938 31.2894018, 121.4956564 31.2893699, 121.4955065 31.2893333, 121.4952862 31.2892621, 121.4951370 31.2892026, 121.4950236 31.2891547, 121.4948644 31.2890752, 121.4946505 31.2889464, 121.4943636 31.2887403, 121.4939795 31.2884570, 121.4937682 31.2883036, 121.4935830 31.2881921, 121.4933770 31.2880818, 121.4931804 31.2879927, 121.4929447 31.2879031, 121.4927559 31.2878499, 121.4925934 31.2878165, 121.4923333 31.2877729, 121.4921118 31.2877496, 121.4914422 31.2877320)",auto;bike;walk,0,0,,
,146,125461259,90,91,1,30.66,,,,service,8,"LINESTRING (121.4956795 31.2862642, 121.4955346 31.2860171)",bike;walk,1,0,,
,147,125461259,91,90,1,30.66,,,,service,8,"LINESTRING (121.4955346 31.2860171, 121.4956795 31.2862642)",bike;walk,1,0,,
,148,125461259,91,92,1,31.27,,,,service,8,"LINESTRING (121.4955346 31.2860171, 121.4957067 31.2859311, 121.4957336 31.2858845, 121.4957328 31.2858254)",bike;walk,1,0,,
,149,125461259,92,91,1,31.27,,,,service,8,"LINESTRING (121.4957328 31.2858254, 121.4957336 31.2858845, 121.4957067 31.2859311, 121.4955346 31.2860171)",bike;walk,1,0,,
,150,125461259,92,93,1,28.53,,,,service,8,"LINESTRING (121.4957328 31.2858254, 121.4956959 31.2857847, 121.4956575 31.2857525, 121.4956191 31.2857019, 121.4955599 31.2856165)",bike;walk,1,0,,
,151,125461259,93,92,1,28.53,,,,service,8,"LINESTRING (121.4955599 31.2856165, 121.4956191 31.2857019, 121.4956575 31.2857525, 121.4956959 31.2857847, 121.4957328 31.2858254)",bike;walk,1,0,,
,152,125461259,93,94,1,20.28,,,,service,8,"LINESTRING (121.4955599 31.2856165, 121.4954723 31.2854497)",bike;walk,1,0,,
,153,125461259,94,93,1,20.28,,,,service,8,"LINESTRING (121.4954723 31.2854497, 121.4955599 31.2856165)",bike;walk,1,0,,
,154,125461259,94,72,1,14.31,,,,service,8,"LINESTRING (121.4954723 31.2854497, 121.4954085 31.2853328)",bike;walk,1,0,,
,155,125461259,72,94,1,14.31,,,,service,8,"LINESTRING (121.4954085 31.2853328, 121.4954723 31.2854497)",bike;walk,1,0,,
,156,125461259,72,70,1,42.04,,,,service,8,"LINESTRING (121.4954085 31.2853328, 121.4952148 31.2849919)",bike;walk,1,0,,
,157,125461259,70,72,1,42.04,,,,service,8,"LINESTRING (121.4952148 31.2849919, 121.4954085 31.2853328)",bike;walk,1,0,,
,158,125461262,80,95,1,107.68,,,,service,8,"LINESTRING (121.4935331 31.2862016, 121.4944322 31.2867913)",bike;walk,1,0,,
,159,125461262,95,80,1,107.68,,,,service,8,"LINESTRING (121.4944322 31.2867913, 121.4935331 31.2862016)",bike;walk,1,0,,
,160,125461262,95,96,1,30.06,,,,service,8,"LINESTRING (121.4944322 31.2867913, 121.4946835 31.2869556)",bike;walk,1,0,,
,161,125461262,96,95,1,30.06,,,,service,8,"LINESTRING (121.4946835 31.2869556, 121.4944322 31.2867913)",bike;walk,1,0,,
,162,125461262,96,97,1,91.1,,,,service,8,"LINESTRING (121.4946835 31.2869556, 121.4948229 31.2870977, 121.4949738 31.2874327, 121.4951214 31.2876790)",bike;walk,1,0,,
,163,125461262,97,96,1,91.1,,,,service,8,"LINESTRING (121.4951214 31.2876790, 121.4949738 31.2874327, 121.4948229 31.2870977, 121.4946835 31.2869556)",bike;walk,1,0,,
,164,125461262,97,98,1,26.35,,,,service,8,"LINESTRING (121.4951214 31.2876790, 121.4951280 31.2879167)",bike;walk,1,0,,
,165,125461262,98,97,1,26.35,,,,service,8,"LINESTRING (121.4951280 31.2879167, 121.4951214 31.2876790)",bike;walk,1,0,,
,166,125461263,97,99,1,126.27,,,,service,8,"LINESTRING (121.4951214 31.2876790, 121.4963473 31.2872434)",bike;walk,1,0,,
,167,125461263,99,97,1,126.27,,,,service,8,"LINESTRING (121.4963473 31.2872434, 121.4951214 31.2876790)",bike;walk,1,0,,
,168,125461263,99,100,1,41.94,,,,service,8,"LINESTRING (121.4963473 31.2872434, 121.4967534 31.2870965)",bike;walk,1,0,,
,169,125461263,100,99,1,41.94,,,,service,8,"LINESTRING (121.4967534 31.2870965, 121.4963473 31.2872434)",bike;walk,1,0,,
,170,125465015,98,101,1,83.33,,,,service,8,"LINESTRING (121.4951280 31.2879167, 121.4951387 31.2879679, 121.4951894 31.2879902, 121.4956122 31.2880402, 121.4959427 31.2880585)",bike;walk,1,0,,
,171,125465015,101,98,1,83.33,,,,service,8,"LINESTRING (121.4959427 31.2880585, 121.4956122 31.2880402, 121.4951894 31.2879902, 121.4951387 31.2879679, 121.4951280 31.2879167)",bike;walk,1,0,,
,172,125465015,101,102,1,123.45,,,,service,8,"LINESTRING (121.4959427 31.2880585, 121.4961671 31.2880349, 121.4963408 31.2879968, 121.4965878 31.2879596, 121.4967143 31.2879403, 121.4968896 31.2878904, 121.4972022 31.2878057)",bike;walk,1,0,,
,173,125465015,102,101,1,123.45,,,,service,8,"LINESTRING (121.4972022 31.2878057, 121.4968896 31.2878904, 121.4967143 31.2879403, 121.4965878 31.2879596, 121.4963408 31.2879968, 121.4961671 31.2880349, 121.4959427 31.2880585)",bike;walk,1,0,,
,174,125465016,102,103,1,69.2,,,,service,8,"LINESTRING (121.4972022 31.2878057, 121.4978391 31.2875046)",bike;walk,1,0,,
,175,125465016,103,102,1,69.2,,,,service,8,"LINESTRING (121.4978391 31.2875046, 121.4972022 31.2878057)",bike;walk,1,0,,
,176,125465020,19,104,1,34.76,,,,service,8,"LINESTRING (121.4976983 31.2886303, 121.4975313 31.2883514)",bike;walk,1,0,,
,177,125465020,104,19,1,34.76,,,,service,8,"LINESTRING (121.4975313 31.2883514, 121.4976983 31.2886303)",bike;walk,1,0,,
,178,125465020,104,102,1,68.11,,,,service,8,"LINESTRING (121.4975313 31.2883514, 121.4972022 31.2878057)",bike;walk,1,0,,
,179,125465020,102,104,1,68.11,,,,service,8,"LINESTRING (121.4972022 31.2878057, 121.4975313 31.2883514)",bike;walk,1,0,,
,180,125465020,102,105,1,59.94,,,,service,8,"LINESTRING (121.4972022 31.2878057, 121.4969015 31.2873305)",bike;walk,1,0,,
,181,125465020,105,102,1,59.94,,,,service,8,"LINESTRING (121.4969015 31.2873305, 121.4972022 31.2878057)",bike;walk,1,0,,
,182,125465020,105,100,1,29.52,,,,service,8,"LINESTRING (121.4969015 31.2873305, 121.4967534 31.2870965)",bike;walk,1,0,,
,183,125465020,100,105,1,29.52,,,,service,8,"LINESTRING (121.4967534 31.2870965, 121.4969015 31.2873305)",bike;walk,1,0,,
,184,125465020,100,106,1,25.24,,,,service,8,"LINESTRING (121.4967534 31.2870965, 121.4966397 31.2868908)",bike;walk,1,0,,
,185,125465020,106,100,1,25.24,,,,service,8,"LINESTRING (121.4966397 31.2868908, 121.4967534 31.2870965)",bike;walk,1,0,,
,186,125465020,106,107,1,8.88,,,,service,8,"LINESTRING (121.4966397 31.2868908, 121.4965997 31.2868184)",bike;walk,1,0,,
,187,125465020,107,106,1,8.88,,,,service,8,"LINESTRING (121.4965997 31.2868184, 121.4966397 31.2868908)",bike;walk,1,0,,
,188,125465020,107,108,1,12.47,,,,service,8,"LINESTRING (121.4965997 31.2868184, 121.4965432 31.2867169)",bike;walk,1,0,,
,189,125465020,108,107,1,12.47,,,,service,8,"LINESTRING (121.4965432 31.2867169, 121.4965997 31.2868184)",bike;walk,1,0,,
,190,125465020,108,109,1,24.25,,,,service,8,"LINESTRING (121.4965432 31.2867169, 121.4965073 31.2866524, 121.4963995 31.2865378)",bike;walk,1,0,,
,191,125465020,109,108,1,24.25,,,,service,8,"LINESTRING (121.4963995 31.2865378, 121.4965073 31.2866524, 121.4965432 31.2867169)",bike;walk,1,0,,
,192,125465020,109,110,1,44.36,,,,service,8,"LINESTRING (121.4963995 31.2865378, 121.4962820 31.2863516, 121.4961288 31.2862167)",bike;walk,1,0,,
,193,125465020,110,109,1,44.36,,,,service,8,"LINESTRING (121.4961288 31.2862167, 121.4962820 31.2863516, 121.4963995 31.2865378)",bike;walk,1,0,,
,194,125465020,110,90,1,45.23,,,,service,8,"LINESTRING (121.4961288 31.2862167, 121.4958725 31.2861816, 121.4956795 31.2862642)",bike;walk,1,0,,
,195,125465020,90,110,1,45.23,,,,service,8,"LINESTRING (121.4956795 31.2862642, 121.4958725 31.2861816, 121.4961288 31.2862167)",bike;walk,1,0,,
,196,125465020,90,111,1,77.35,,,,service,8,"LINESTRING (121.4956795 31.2862642, 121.4949350 31.2865441)",bike;walk,1,0,,
,197,125465020,111,90,1,77.35,,,,service,8,"LINESTRING (121.4949350 31.2865441, 121.4956795 31.2862642)",bike;walk,1,0,,
,198,125465020,111,95,1,55.19,,,,service,8,"LINESTRING (121.4949350 31.2865441, 121.4948444 31.2865797, 121.4944322 31.2867913)",bike;walk,1,0,,
,199,125465020,95,111,1,55.19,,,,service,8,"LINESTRING (121.4944322 31.2867913, 121.4948444 31.2865797, 121.4949350 31.2865441)",bike;walk,1,0,,
,200,125469722,30,112,1,40.36,,,,service,8,"LINESTRING (121.5017873 31.2870007, 121.5021750 31.2868531)",bike;walk,1,0,,
,201,125469722,112,30,1,40.36,,,,service,8,"LINESTRING (121.5021750 31.2868531, 121.5017873 31.2870007)",bike;walk,1,0,,
四平路隧道,202,136752696,113,114,1,440.21,,,,primary,3,"LINESTRING (121.5015895 31.2833865, 121.5025075 31.2851027, 121.5034463 31.2868997, 121.5035000 31.2870037)",auto;bike;walk,0,0,,
四平路隧道,203,136752698,115,116,1,462.34,,,,primary,3,"LINESTRING (121.5035000 31.2872274, 121.5029528 31.2861566, 121.5021642 31.2846442, 121.5014971 31.2834272)",auto;bike;walk,0,0,,
四平路隧道,204,136752700,117,113,1,253.05,,,,primary,3,"LINESTRING (121.5005533 31.2812890, 121.5006085 31.2815130, 121.5012469 31.2827458, 121.5015895 31.2833865)",auto;bike;walk,0,0,,
四平路隧道,205,136752707,116,13,1,257.57,,,,primary,3,"LINESTRING (121.5014971 31.2834272, 121.5011450 31.2827692, 121.5007641 31.2820352, 121.5004637 31.2814809, 121.5003172 31.2813455)",auto;bike;walk,0,0,,
四平路,206,136752711,118,37,1,36.88,4,,,primary,3,"LINESTRING (121.5001169 31.2805000, 121.5002729 31.2808046)",auto;bike;walk,0,0,,
四平路,207,136752711,37,117,1,59.96,4,,,primary,3,"LINESTRING (121.5002729 31.2808046, 121.5004403 31.2810861, 121.5005533 31.2812890)",auto;bike;walk,0,0,,
四平路,208,136752711,117,119,1,257.31,4,,,primary,3,"LINESTRING (121.5005533 31.2812890, 121.5009695 31.2820061, 121.5012109 31.2824466, 121.5016637 31.2834042)",auto;bike;walk,0,0,,
四平路,209,136752711,119,279,1,117.38,4,,,primary,3,"LINESTRING (121.5016637 31.2834042, 121.5017742 31.2836380, 121.5018937 31.2838492, 121.5019763 31.2840088, 121.5021631 31.2843723)",auto;bike;walk,0,0,,
四平路,210,136752711,279,120,1,310.83,4,,,primary,3,"LINESTRING (121.5021631 31.2843723, 121.5025051 31.2850123, 121.5026962 31.2853698, 121.5035000 31.2869310)",auto;bike;walk,0,0,,
密云路,211,176637362,28,6,1,398.75,,,,tertiary,5,"LINESTRING (121.4916659 31.2840381, 121.4916472 31.2842261, 121.4916175 31.2845479, 121.4916053 31.2847147, 121.4916015 31.2850016, 121.4916118 31.2851428, 121.4916327 31.2852784, 121.4916535 31.2854089, 121.4916846 31.2855372, 121.4917709 31.2858146, 121.4918446 31.2860197, 121.4919286 31.2862135, 121.4919857 31.2863235, 121.4920883 31.2865061, 121.4921590 31.2866188, 121.4922396 31.2867334, 121.4923002 31.2868154, 121.4923611 31.2868915, 121.4924688 31.2870185, 121.4926106 31.2871697, 121.4928075 31.2873631)",auto;bike;walk,1,0,,
密云路,212,176637362,6,28,1,398.75,,,,tertiary,5,"LINESTRING (121.4928075 31.2873631, 121.4926106 31.2871697, 121.4924688 31.2870185, 121.4923611 31.2868915, 121.4923002 31.2868154, 121.4922396 31.2867334, 121.4921590 31.2866188, 121.4920883 31.2865061, 121.4919857 31.2863235, 121.4919286 31.2862135, 121.4918446 31.2860197, 121.4917709 31.2858146, 121.4916846 31.2855372, 121.4916535 31.2854089, 121.4916327 31.2852784, 121.4916118 31.2851428, 121.4916015 31.2850016, 121.4916053 31.2847147, 121.4916175 31.2845479, 121.4916472 31.2842261, 121.4916659 31.2840381)",auto;bike;walk,1,0,,
玉田路,213,176637365,121,122,1,96.92,,,,tertiary,5,"LINESTRING (121.4909000 31.2810544, 121.4917550 31.2810406, 121.4919180 31.2810379)",auto;bike;walk,0,0,,
,214,176873889,123,124,1,186.47,,,,trunk,2,"LINESTRING (121.5007612 31.2890264, 121.5010536 31.2889438, 121.5015069 31.2887857, 121.5022034 31.2885280, 121.5025589 31.2883637)",auto;bike;walk,0,1,,
,215,176873890,3,123,1,332.04,,,,trunk,2,"LINESTRING (121.4973024 31.2893699, 121.4976920 31.2893356, 121.4986986 31.2892670, 121.4990607 31.2892464, 121.4995408 31.2892212, 121.4997742 31.2891983, 121.5000156 31.2891730, 121.5002006 31.2891455, 121.5004984 31.2890859, 121.5007612 31.2890264)",auto;bike;walk,0,1,,
,216,176876832,21,85,1,20.39,,,,cycleway,9,"LINESTRING (121.4966392 31.2893458, 121.4965241 31.2895010)",bike,0,0,,
,217,176876832,85,26,1,62.94,,,,cycleway,9,"LINESTRING (121.4965241 31.2895010, 121.4960858 31.2899262)",bike,0,0,,
,218,179222574,60,63,1,112.57,,,,footway,10,"LINESTRING (121.4992646 31.2861776, 121.5003289 31.2857347)",walk,0,0,,
,219,179222574,63,125,1,109.74,,,,footway,10,"LINESTRING (121.5003289 31.2857347, 121.5013675 31.2853047)",walk,0,0,,
,220,179222575,126,103,1,81.09,,,,service,8,"LINESTRING (121.4982500 31.2881455, 121.4978391 31.2875046)",bike;walk,1,0,,
,221,179222575,103,126,1,81.09,,,,service,8,"LINESTRING (121.4978391 31.2875046, 121.4982500 31.2881455)",bike;walk,1,0,,
,222,179222575,103,127,1,120.05,,,,service,8,"LINESTRING (121.4978391 31.2875046, 121.4972046 31.2865684)",bike;walk,1,0,,
,223,179222575,127,103,1,120.05,,,,service,8,"LINESTRING (121.4972046 31.2865684, 121.4978391 31.2875046)",bike;walk,1,0,,
,224,179222575,127,128,1,136.74,,,,service,8,"LINESTRING (121.4972046 31.2865684, 121.4971068 31.2864039, 121.4971440 31.2862945, 121.4966718 31.2854519)",bike;walk,1,0,,
,225,179222575,128,127,1,136.74,,,,service,8,"LINESTRING (121.4966718 31.2854519, 121.4971440 31.2862945, 121.4971068 31.2864039, 121.4972046 31.2865684)",bike;walk,1,0,,
,226,181555244,129,130,1,36.85,,,,service,8,"LINESTRING (121.5020176 31.2865512, 121.5016621 31.2866829)",bike;walk,1,0,,
,227,181555244,130,129,1,36.85,,,,service,8,"LINESTRING (121.5016621 31.2866829, 121.5020176 31.2865512)",bike;walk,1,0,,
,228,181555252,131,132,1,41.87,,,,service,8,"LINESTRING (121.5002687 31.2864254, 121.5004540 31.2867680)",bike;walk,1,0,,
,229,181555252,132,131,1,41.87,,,,service,8,"LINESTRING (121.5004540 31.2867680, 121.5002687 31.2864254)",bike;walk,1,0,,
,230,181555252,132,133,1,31.7,,,,service,8,"LINESTRING (121.5004540 31.2867680, 121.5005910 31.2870287)",bike;walk,1,0,,
,231,181555252,133,132,1,31.7,,,,service,8,"LINESTRING (121.5005910 31.2870287, 121.5004540 31.2867680)",bike;walk,1,0,,
,232,183383487,134,135,1,9.06,,,,footway,10,"LINESTRING (121.4987107 31.2856871, 121.4987564 31.2857588)",walk,0,0,,
,233,183383488,136,137,1,58.63,,,,service,8,"LINESTRING (121.4994057 31.2873667, 121.4991455 31.2868872)",bike;walk,1,0,,
,234,183383488,137,136,1,58.63,,,,service,8,"LINESTRING (121.4991455 31.2868872, 121.4994057 31.2873667)",bike;walk,1,0,,
,235,183383489,138,58,1,15.04,,,,footway,10,"LINESTRING (121.4987119 31.2855767, 121.4988505 31.2855115)",walk,0,0,,
,236,183383490,139,140,1,14.95,,,,footway,10,"LINESTRING (121.4982745 31.2859646, 121.4983523 31.2860818)",walk,0,0,,
,237,183383491,141,142,1,115.98,,,,service,8,"LINESTRING (121.4986640 31.2871147, 121.4980618 31.2862050)",bike;walk,1,0,,
,238,183383491,142,141,1,115.98,,,,service,8,"LINESTRING (121.4980618 31.2862050, 121.4986640 31.2871147)",bike;walk,1,0,,
,239,183383492,143,139,1,9.05,,,,footway,10,"LINESTRING (121.4982274 31.2858937, 121.4982745 31.2859646)",walk,0,0,,
,240,183383493,144,134,1,10.64,,,,footway,10,"LINESTRING (121.4986569 31.2856029, 121.4987107 31.2856871)",walk,0,0,,
,241,183383494,135,145,1,15.09,,,,footway,10,"LINESTRING (121.4987564 31.2857588, 121.4988327 31.2858782)",walk,0,0,,
,242,183383495,51,146,1,66.83,,,,service,8,"LINESTRING (121.4952711 31.2837842, 121.4955647 31.2843319)",bike;walk,1,0,,
,243,183383495,146,51,1,66.83,,,,service,8,"LINESTRING (121.4955647 31.2843319, 121.4952711 31.2837842)",bike;walk,1,0,,
,244,183383496,8,147,1,8.31,,,,service,8,"LINESTRING (121.4978134 31.2861825, 121.4977755 31.2861150)",bike;walk,1,0,,
,245,183383496,147,8,1,8.31,,,,service,8,"LINESTRING (121.4977755 31.2861150, 121.4978134 31.2861825)",bike;walk,1,0,,
,246,183383497,148,143,1,8.36,,,,footway,10,"LINESTRING (121.4981839 31.2858282, 121.4982274 31.2858937)",walk,0,0,,
,247,183383498,149,56,1,29.07,,,,footway,10,"LINESTRING (121.4986164 31.2851938, 121.4988959 31.2850881)",walk,0,0,,
,248,183383499,77,146,1,28.18,,,,service,8,"LINESTRING (121.4953014 31.2844481, 121.4955647 31.2843319)",bike;walk,1,0,,
,249,183383499,146,77,1,28.18,,,,service,8,"LINESTRING (121.4955647 31.2843319, 121.4953014 31.2844481)",bike;walk,1,0,,
,250,183383499,146,150,1,103.9,,,,service,8,"LINESTRING (121.4955647 31.2843319, 121.4965783 31.2839838)",bike;walk,1,0,,
,251,183383499,150,146,1,103.9,,,,service,8,"LINESTRING (121.4965783 31.2839838, 121.4955647 31.2843319)",bike;walk,1,0,,
,252,183383500,56,151,1,10.74,,,,footway,10,"LINESTRING (121.4988959 31.2850881, 121.4989991 31.2850490)",walk,0,0,,
,253,183383500,151,67,1,82.42,,,,footway,10,"LINESTRING (121.4989991 31.2850490, 121.4997907 31.2847476)",walk,0,0,,
,254,183383500,67,152,1,111.75,,,,footway,10,"LINESTRING (121.4997907 31.2847476, 121.5008658 31.2843425)",walk,0,0,,
,255,183383502,153,154,1,29.91,,,,footway,10,"LINESTRING (121.5018432 31.2862143, 121.5021291 31.2861022)",walk,0,0,,
,256,183383502,154,155,1,37.5,,,,footway,10,"LINESTRING (121.5021291 31.2861022, 121.5019641 31.2857949)",walk,0,0,,
,257,183383502,155,156,1,30.18,,,,footway,10,"LINESTRING (121.5019641 31.2857949, 121.5018313 31.2855476)",walk,0,0,,
,258,183383503,157,155,1,11.67,,,,footway,10,"LINESTRING (121.5020757 31.2857514, 121.5019641 31.2857949)",walk,0,0,,
,259,183383503,155,158,1,29.39,,,,footway,10,"LINESTRING (121.5019641 31.2857949, 121.5016804 31.2858997)",walk,0,0,,
世纪大道,260,183383504,159,160,1,176.06,,,,service,8,"LINESTRING (121.5000687 31.2828138, 121.4983929 31.2834863)",bike;walk,1,0,,
世纪大道,261,183383504,160,159,1,176.06,,,,service,8,"LINESTRING (121.4983929 31.2834863, 121.5000687 31.2828138)",bike;walk,1,0,,
世纪大道,262,183383504,160,161,1,32.45,,,,service,8,"LINESTRING (121.4983929 31.2834863, 121.4980841 31.2836103)",bike;walk,1,0,,
世纪大道,263,183383504,161,160,1,32.45,,,,service,8,"LINESTRING (121.4980841 31.2836103, 121.4983929 31.2834863)",bike;walk,1,0,,
世纪大道,264,183383504,161,162,1,56.65,,,,service,8,"LINESTRING (121.4980841 31.2836103, 121.4976875 31.2837695, 121.4975515 31.2838375)",bike;walk,1,0,,
世纪大道,265,183383504,162,161,1,56.65,,,,service,8,"LINESTRING (121.4975515 31.2838375, 121.4976875 31.2837695, 121.4980841 31.2836103)",bike;walk,1,0,,
世纪大道,266,183383504,162,163,1,86.51,,,,service,8,"LINESTRING (121.4975515 31.2838375, 121.4967660 31.2842302)",bike;walk,1,0,,
世纪大道,267,183383504,163,162,1,86.51,,,,service,8,"LINESTRING (121.4967660 31.2842302, 121.4975515 31.2838375)",bike;walk,1,0,,
世纪大道,268,183383504,163,81,1,4.24,,,,service,8,"LINESTRING (121.4967660 31.2842302, 121.4967275 31.2842494)",bike;walk,1,0,,
世纪大道,269,183383504,81,163,1,4.24,,,,service,8,"LINESTRING (121.4967275 31.2842494, 121.4967660 31.2842302)",bike;walk,1,0,,
,270,183383505,57,149,1,36.12,,,,service,8,"LINESTRING (121.4988230 31.2854672, 121.4986164 31.2851938)",bike;walk,1,0,,
,271,183383505,149,57,1,36.12,,,,service,8,"LINESTRING (121.4986164 31.2851938, 121.4988230 31.2854672)",bike;walk,1,0,,
,272,183383505,149,164,1,49.86,,,,service,8,"LINESTRING (121.4986164 31.2851938, 121.4983279 31.2848183)",bike;walk,1,0,,
,273,183383505,164,149,1,49.86,,,,service,8,"LINESTRING (121.4983279 31.2848183, 121.4986164 31.2851938)",bike;walk,1,0,,
,274,183383506,165,148,1,48.9,,,,footway,10,"LINESTRING (121.4977345 31.2860421, 121.4981839 31.2858282)",walk,0,0,,
,275,183383506,148,144,1,51.48,,,,footway,10,"LINESTRING (121.4981839 31.2858282, 121.4986569 31.2856029)",walk,0,0,,
,276,183383506,144,138,1,5.99,,,,footway,10,"LINESTRING (121.4986569 31.2856029, 121.4987119 31.2855767)",walk,0,0,,
,277,183383506,138,166,1,92.36,,,,footway,10,"LINESTRING (121.4987119 31.2855767, 121.4982108 31.2848631)",walk,0,0,,
,278,183383507,53,75,1,66.67,,,,service,8,"LINESTRING (121.4938562 31.2845945, 121.4941561 31.2851381)",bike;walk,1,0,,
,279,183383507,75,53,1,66.67,,,,service,8,"LINESTRING (121.4941561 31.2851381, 121.4938562 31.2845945)",bike;walk,1,0,,
,280,183383507,75,167,1,80.91,,,,service,8,"LINESTRING (121.4941561 31.2851381, 121.4945200 31.2857979)",bike;walk,1,0,,
,281,183383507,167,75,1,80.91,,,,service,8,"LINESTRING (121.4945200 31.2857979, 121.4941561 31.2851381)",bike;walk,1,0,,
,282,183383507,167,111,1,91.65,,,,service,8,"LINESTRING (121.4945200 31.2857979, 121.4949350 31.2865441)",bike;walk,1,0,,
,283,183383507,111,167,1,91.65,,,,service,8,"LINESTRING (121.4949350 31.2865441, 121.4945200 31.2857979)",bike;walk,1,0,,
,284,183383507,111,168,1,29.51,,,,service,8,"LINESTRING (121.4949350 31.2865441, 121.4950551 31.2867896)",bike;walk,1,0,,
,285,183383507,168,111,1,29.51,,,,service,8,"LINESTRING (121.4950551 31.2867896, 121.4949350 31.2865441)",bike;walk,1,0,,
,286,183383507,168,96,1,39.87,,,,service,8,"LINESTRING (121.4950551 31.2867896, 121.4946835 31.2869556)",bike;walk,1,0,,
,287,183383507,96,168,1,39.87,,,,service,8,"LINESTRING (121.4946835 31.2869556, 121.4950551 31.2867896)",bike;walk,1,0,,
南大道,288,183383508,92,169,1,21.05,,,,service,8,"LINESTRING (121.4957328 31.2858254, 121.4959284 31.2857367)",bike;walk,1,0,,
南大道,289,183383508,169,92,1,21.05,,,,service,8,"LINESTRING (121.4959284 31.2857367, 121.4957328 31.2858254)",bike;walk,1,0,,
南大道,290,183383508,169,128,1,77.48,,,,service,8,"LINESTRING (121.4959284 31.2857367, 121.4966718 31.2854519)",bike;walk,1,0,,
南大道,291,183383508,128,169,1,77.48,,,,service,8,"LINESTRING (121.4966718 31.2854519, 121.4959284 31.2857367)",bike;walk,1,0,,
南大道,292,183383508,128,170,1,62.71,,,,service,8,"LINESTRING (121.4966718 31.2854519, 121.4972736 31.2852215)",bike;walk,1,0,,
南大道,293,183383508,170,128,1,62.71,,,,service,8,"LINESTRING (121.4972736 31.2852215, 121.4966718 31.2854519)",bike;walk,1,0,,
南大道,294,183383508,170,171,1,37.24,,,,service,8,"LINESTRING (121.4972736 31.2852215, 121.4976310 31.2850848)",bike;walk,1,0,,
南大道,295,183383508,171,170,1,37.24,,,,service,8,"LINESTRING (121.4976310 31.2850848, 121.4972736 31.2852215)",bike;walk,1,0,,
南大道,296,183383508,171,166,1,60.41,,,,service,8,"LINESTRING (121.4976310 31.2850848, 121.4982108 31.2848631)",bike;walk,1,0,,
南大道,297,183383508,166,171,1,60.41,,,,service,8,"LINESTRING (121.4982108 31.2848631, 121.4976310 31.2850848)",bike;walk,1,0,,
南大道,298,183383508,166,164,1,12.2,,,,service,8,"LINESTRING (121.4982108 31.2848631, 121.4983279 31.2848183)",bike;walk,1,0,,
南大道,299,183383508,164,166,1,12.2,,,,service,8,"LINESTRING (121.4983279 31.2848183, 121.4982108 31.2848631)",bike;walk,1,0,,
南大道,300,183383508,164,55,1,34.79,,,,service,8,"LINESTRING (121.4983279 31.2848183, 121.4986618 31.2846906)",bike;walk,1,0,,
南大道,301,183383508,55,164,1,34.79,,,,service,8,"LINESTRING (121.4986618 31.2846906, 121.4983279 31.2848183)",bike;walk,1,0,,
南大道,302,183383508,55,172,1,32.79,,,,service,8,"LINESTRING (121.4986618 31.2846906, 121.4989764 31.2845701)",bike;walk,1,0,,
南大道,303,183383508,172,55,1,32.79,,,,service,8,"LINESTRING (121.4989764 31.2845701, 121.4986618 31.2846906)",bike;walk,1,0,,
南大道,304,183383508,172,173,1,40.8,,,,service,8,"LINESTRING (121.4989764 31.2845701, 121.4993679 31.2844202)",bike;walk,1,0,,
南大道,305,183383508,173,172,1,40.8,,,,service,8,"LINESTRING (121.4993679 31.2844202, 121.4989764 31.2845701)",bike;walk,1,0,,
南大道,306,183383508,173,174,1,98.68,,,,service,8,"LINESTRING (121.4993679 31.2844202, 121.5003148 31.2840577)",bike;walk,1,0,,
南大道,307,183383508,174,173,1,98.68,,,,service,8,"LINESTRING (121.5003148 31.2840577, 121.4993679 31.2844202)",bike;walk,1,0,,
南大道,308,183383508,174,175,1,34.97,,,,service,8,"LINESTRING (121.5003148 31.2840577, 121.5006503 31.2839292)",bike;walk,1,0,,
南大道,309,183383508,175,174,1,34.97,,,,service,8,"LINESTRING (121.5006503 31.2839292, 121.5003148 31.2840577)",bike;walk,1,0,,
,310,183383509,59,145,1,20.59,,,,service,8,"LINESTRING (121.4990267 31.2857959, 121.4988327 31.2858782)",bike;walk,1,0,,
,311,183383509,145,59,1,20.59,,,,service,8,"LINESTRING (121.4988327 31.2858782, 121.4990267 31.2857959)",bike;walk,1,0,,
,312,183383509,145,140,1,50.99,,,,service,8,"LINESTRING (121.4988327 31.2858782, 121.4983523 31.2860818)",bike;walk,1,0,,
,313,183383509,140,145,1,50.99,,,,service,8,"LINESTRING (121.4983523 31.2860818, 121.4988327 31.2858782)",bike;walk,1,0,,
,314,183383509,140,142,1,30.84,,,,service,8,"LINESTRING (121.4983523 31.2860818, 121.4980618 31.2862050)",bike;walk,1,0,,
,315,183383509,142,140,1,30.84,,,,service,8,"LINESTRING (121.4980618 31.2862050, 121.4983523 31.2860818)",bike;walk,1,0,,
,316,183383509,142,7,1,20.21,,,,service,8,"LINESTRING (121.4980618 31.2862050, 121.4978714 31.2862857)",bike;walk,1,0,,
,317,183383509,7,142,1,20.21,,,,service,8,"LINESTRING (121.4978714 31.2862857, 121.4980618 31.2862050)",bike;walk,1,0,,
,318,183383509,7,176,1,55.45,,,,service,8,"LINESTRING (121.4978714 31.2862857, 121.4973490 31.2865072)",bike;walk,1,0,,
,319,183383509,176,7,1,55.45,,,,service,8,"LINESTRING (121.4973490 31.2865072, 121.4978714 31.2862857)",bike;walk,1,0,,
爱校路(樱花大道),320,183383510,147,165,1,8.97,,,,service,8,"LINESTRING (121.4977755 31.2861150, 121.4977345 31.2860421)",bike;walk,1,0,,
爱校路(樱花大道),321,183383510,165,147,1,8.97,,,,service,8,"LINESTRING (121.4977345 31.2860421, 121.4977755 31.2861150)",bike;walk,1,0,,
爱校路(樱花大道),322,183383510,165,170,1,100.97,,,,service,8,"LINESTRING (121.4977345 31.2860421, 121.4972736 31.2852215)",bike;walk,1,0,,
爱校路(樱花大道),323,183383510,170,165,1,100.97,,,,service,8,"LINESTRING (121.4972736 31.2852215, 121.4977345 31.2860421)",bike;walk,1,0,,
爱校路(樱花大道),324,183383510,170,81,1,119.62,,,,service,8,"LINESTRING (121.4972736 31.2852215, 121.4967275 31.2842494)",bike;walk,1,0,,
爱校路(樱花大道),325,183383510,81,170,1,119.62,,,,service,8,"LINESTRING (121.4967275 31.2842494, 121.4972736 31.2852215)",bike;walk,1,0,,
爱校路(樱花大道),326,183383510,81,150,1,32.68,,,,service,8,"LINESTRING (121.4967275 31.2842494, 121.4965783 31.2839838)",bike;walk,1,0,,
爱校路(樱花大道),327,183383510,150,81,1,32.68,,,,service,8,"LINESTRING (121.4965783 31.2839838, 121.4967275 31.2842494)",bike;walk,1,0,,
爱校路(樱花大道),328,183383510,150,50,1,69.54,,,,service,8,"LINESTRING (121.4965783 31.2839838, 121.4962609 31.2834187)",bike;walk,1,0,,
爱校路(樱花大道),329,183383510,50,150,1,69.54,,,,service,8,"LINESTRING (121.4962609 31.2834187, 121.4965783 31.2839838)",bike;walk,1,0,,
爱校路(樱花大道),330,183383510,50,35,1,110.92,,,,service,8,"LINESTRING (121.4962609 31.2834187, 121.4957979 31.2825946, 121.4957545 31.2825173)",bike;walk,1,0,,
爱校路(樱花大道),331,183383510,35,50,1,110.92,,,,service,8,"LINESTRING (121.4957545 31.2825173, 121.4957979 31.2825946, 121.4962609 31.2834187)",bike;walk,1,0,,
,332,183383972,127,107,1,63.89,,,,service,8,"LINESTRING (121.4972046 31.2865684, 121.4965997 31.2868184)",bike;walk,1,0,,
,333,183383972,107,127,1,63.89,,,,service,8,"LINESTRING (121.4965997 31.2868184, 121.4972046 31.2865684)",bike;walk,1,0,,
,334,183383973,176,127,1,15.33,,,,service,8,"LINESTRING (121.4973490 31.2865072, 121.4972046 31.2865684)",bike;walk,1,0,,
,335,183383973,127,176,1,15.33,,,,service,8,"LINESTRING (121.4972046 31.2865684, 121.4973490 31.2865072)",bike;walk,1,0,,
,336,183383974,103,177,1,14.22,,,,service,8,"LINESTRING (121.4978391 31.2875046, 121.4979700 31.2874428)",bike;walk,1,0,,
,337,183383974,177,103,1,14.22,,,,service,8,"LINESTRING (121.4979700 31.2874428, 121.4978391 31.2875046)",bike;walk,1,0,,
北大道,338,183383975,177,178,1,7.56,,,,service,8,"LINESTRING (121.4979700 31.2874428, 121.4980396 31.2874099)",bike;walk,1,0,,
北大道,339,183383975,178,177,1,7.56,,,,service,8,"LINESTRING (121.4980396 31.2874099, 121.4979700 31.2874428)",bike;walk,1,0,,
北大道,340,183383975,178,141,1,67.84,,,,service,8,"LINESTRING (121.4980396 31.2874099, 121.4986640 31.2871147)",bike;walk,1,0,,
北大道,341,183383975,141,178,1,67.84,,,,service,8,"LINESTRING (121.4986640 31.2871147, 121.4980396 31.2874099)",bike;walk,1,0,,
北大道,342,183383975,141,179,1,4.04,,,,service,8,"LINESTRING (121.4986640 31.2871147, 121.4987019 31.2870983)",bike;walk,1,0,,
北大道,343,183383975,179,141,1,4.04,,,,service,8,"LINESTRING (121.4987019 31.2870983, 121.4986640 31.2871147)",bike;walk,1,0,,
北大道,344,183383975,179,137,1,48.27,,,,service,8,"LINESTRING (121.4987019 31.2870983, 121.4991455 31.2868872)",bike;walk,1,0,,
北大道,345,183383975,137,179,1,48.27,,,,service,8,"LINESTRING (121.4991455 31.2868872, 121.4987019 31.2870983)",bike;walk,1,0,,
北大道,346,183383975,137,61,1,47.04,,,,service,8,"LINESTRING (121.4991455 31.2868872, 121.4995785 31.2866825)",bike;walk,1,0,,
北大道,347,183383975,61,137,1,47.04,,,,service,8,"LINESTRING (121.4995785 31.2866825, 121.4991455 31.2868872)",bike;walk,1,0,,
北大道,348,183383975,61,131,1,71.61,,,,service,8,"LINESTRING (121.4995785 31.2866825, 121.5002687 31.2864254)",bike;walk,1,0,,
北大道,349,183383975,131,61,1,71.61,,,,service,8,"LINESTRING (121.5002687 31.2864254, 121.4995785 31.2866825)",bike;walk,1,0,,
北大道,350,183383975,131,33,1,99.19,,,,service,8,"LINESTRING (121.5002687 31.2864254, 121.5012257 31.2860711)",bike;walk,1,0,,
北大道,351,183383975,33,131,1,99.19,,,,service,8,"LINESTRING (121.5012257 31.2860711, 121.5002687 31.2864254)",bike;walk,1,0,,
北大道,352,183383975,33,158,1,47.26,,,,service,8,"LINESTRING (121.5012257 31.2860711, 121.5016804 31.2858997)",bike;walk,1,0,,
北大道,353,183383975,158,33,1,47.26,,,,service,8,"LINESTRING (121.5016804 31.2858997, 121.5012257 31.2860711)",bike;walk,1,0,,
,354,183388132,180,181,1,25.18,,,,service,8,"LINESTRING (121.4989041 31.2878525, 121.4991574 31.2879181)",bike;walk,1,0,,
,355,183388132,181,180,1,25.18,,,,service,8,"LINESTRING (121.4991574 31.2879181, 121.4989041 31.2878525)",bike;walk,1,0,,
,356,183388132,181,18,1,28.71,,,,service,8,"LINESTRING (121.4991574 31.2879181, 121.4992598 31.2881155, 121.4992742 31.2881566)",bike;walk,1,0,,
,357,183388132,18,181,1,28.71,,,,service,8,"LINESTRING (121.4992742 31.2881566, 121.4992598 31.2881155, 121.4991574 31.2879181)",bike;walk,1,0,,
,358,183389273,182,279,1,93.2,,,,service,8,"LINESTRING (121.5011086 31.2848081, 121.5016226 31.2845919, 121.5019877 31.2844378)",bike;walk,1,0,,
,359,183389273,279,182,1,93.2,,,,service,8,"LINESTRING (121.5019877 31.2844378, 121.5016226 31.2845919, 121.5011086 31.2848081)",bike;walk,1,0,,
,360,183389274,64,183,1,110.74,,,,footway,10,"LINESTRING (121.5001105 31.2853341, 121.5005661 31.2851291, 121.5008322 31.2850093, 121.5011410 31.2848702)",bike;walk,0,0,,
,361,183389276,66,184,1,111.07,,,,footway,10,"LINESTRING (121.4999912 31.2851153, 121.5004686 31.2849519, 121.5007439 31.2848562, 121.5010739 31.2847415)",bike;walk,0,0,,
,362,183962593,160,185,1,44.68,,,,footway,10,"LINESTRING (121.4983929 31.2834863, 121.4985899 31.2838522)",walk,0,0,,
,363,183962593,185,186,1,11.27,,,,footway,10,"LINESTRING (121.4985899 31.2838522, 121.4986396 31.2839445)",walk,0,0,,
,364,183962593,186,172,1,76.39,,,,footway,10,"LINESTRING (121.4986396 31.2839445, 121.4989764 31.2845701)",walk,0,0,,
,365,183962594,173,185,1,123.7,,,,footway,10,"LINESTRING (121.4993679 31.2844202, 121.4990185 31.2837734, 121.4989273 31.2837310, 121.4985899 31.2838522)",walk,0,0,,
,366,183962595,82,187,1,7.18,,,,service,8,"LINESTRING (121.4964230 31.2843613, 121.4964520 31.2844211)",bike;walk,1,0,,
,367,183962595,187,82,1,7.18,,,,service,8,"LINESTRING (121.4964520 31.2844211, 121.4964230 31.2843613)",bike;walk,1,0,,
,368,183962596,93,91,1,141.24,,,,service,8,"LINESTRING (121.4955599 31.2856165, 121.4949738 31.2858896, 121.4951461 31.2861834, 121.4955346 31.2860171)",bike;walk,1,0,,
,369,183962596,91,93,1,141.24,,,,service,8,"LINESTRING (121.4955346 31.2860171, 121.4951461 31.2861834, 121.4949738 31.2858896, 121.4955599 31.2856165)",bike;walk,1,0,,
,370,183962597,168,188,1,105.81,,,,service,8,"LINESTRING (121.4950551 31.2867896, 121.4951648 31.2868729, 121.4952970 31.2869294, 121.4954458 31.2869223, 121.4960500 31.2866765)",bike;walk,1,0,,
,371,183962597,188,168,1,105.81,,,,service,8,"LINESTRING (121.4960500 31.2866765, 121.4954458 31.2869223, 121.4952970 31.2869294, 121.4951648 31.2868729, 121.4950551 31.2867896)",bike;walk,1,0,,
,372,183962597,188,109,1,36.65,,,,service,8,"LINESTRING (121.4960500 31.2866765, 121.4963995 31.2865378)",bike;walk,1,0,,
,373,183962597,109,188,1,36.65,,,,service,8,"LINESTRING (121.4963995 31.2865378, 121.4960500 31.2866765)",bike;walk,1,0,,
,374,183964294,189,156,1,29.29,,,,service,8,"LINESTRING (121.5015487 31.2856522, 121.5018313 31.2855476)",bike;walk,1,0,,
,375,183964294,156,189,1,29.29,,,,service,8,"LINESTRING (121.5018313 31.2855476, 121.5015487 31.2856522)",bike;walk,1,0,,
,376,183964294,156,190,1,242.86,,,,service,8,"LINESTRING (121.5018313 31.2855476, 121.5021434 31.2854321, 121.5022178 31.2854392, 121.5022715 31.2854533, 121.5023129 31.2854922, 121.5028210 31.2864707, 121.5021088 31.2867262)",bike;walk,1,0,,
,377,183964294,190,156,1,242.86,,,,service,8,"LINESTRING (121.5021088 31.2867262, 121.5028210 31.2864707, 121.5023129 31.2854922, 121.5022715 31.2854533, 121.5022178 31.2854392, 121.5021434 31.2854321, 121.5018313 31.2855476)",bike;walk,1,0,,
,378,184542422,186,191,1,142.25,,,,footway,10,"LINESTRING (121.4986396 31.2839445, 121.4972787 31.2844750)",walk,0,0,,
,379,184542423,163,191,1,62.8,,,,footway,10,"LINESTRING (121.4967660 31.2842302, 121.4968934 31.2842240, 121.4970189 31.2842300, 121.4971130 31.2842568, 121.4971897 31.2843209, 121.4972787 31.2844750)",walk,0,0,,
,380,184542423,191,171,1,75.45,,,,footway,10,"LINESTRING (121.4972787 31.2844750, 121.4976310 31.2850848)",walk,0,0,,
,381,189030461,31,133,1,97.31,,,,service,8,"LINESTRING (121.5015494 31.2867246, 121.5007079 31.2870024, 121.5005910 31.2870287)",bike;walk,1,0,,
,382,189030461,133,31,1,97.31,,,,service,8,"LINESTRING (121.5005910 31.2870287, 121.5007079 31.2870024, 121.5015494 31.2867246)",bike;walk,1,0,,
,383,189030461,133,192,1,77.71,,,,service,8,"LINESTRING (121.5005910 31.2870287, 121.4998051 31.2872189)",bike;walk,1,0,,
,384,189030461,192,133,1,77.71,,,,service,8,"LINESTRING (121.4998051 31.2872189, 121.5005910 31.2870287)",bike;walk,1,0,,
,385,189030461,192,136,1,41.39,,,,service,8,"LINESTRING (121.4998051 31.2872189, 121.4994057 31.2873667)",bike;walk,1,0,,
,386,189030461,136,192,1,41.39,,,,service,8,"LINESTRING (121.4994057 31.2873667, 121.4998051 31.2872189)",bike;walk,1,0,,
,387,189030461,136,193,1,15.36,,,,service,8,"LINESTRING (121.4994057 31.2873667, 121.4992867 31.2874603)",bike;walk,1,0,,
,388,189030461,193,136,1,15.36,,,,service,8,"LINESTRING (121.4992867 31.2874603, 121.4994057 31.2873667)",bike;walk,1,0,,
,389,189030461,193,180,1,57.21,,,,service,8,"LINESTRING (121.4992867 31.2874603, 121.4990634 31.2876359, 121.4989041 31.2878525)",bike;walk,1,0,,
,390,189030461,180,193,1,57.21,,,,service,8,"LINESTRING (121.4989041 31.2878525, 121.4990634 31.2876359, 121.4992867 31.2874603)",bike;walk,1,0,,
,391,189030461,180,194,1,14.9,,,,service,8,"LINESTRING (121.4989041 31.2878525, 121.4988205 31.2879662)",bike;walk,1,0,,
,392,189030461,194,180,1,14.9,,,,service,8,"LINESTRING (121.4988205 31.2879662, 121.4989041 31.2878525)",bike;walk,1,0,,
,393,189030461,194,126,1,57.82,,,,service,8,"LINESTRING (121.4988205 31.2879662, 121.4982500 31.2881455)",bike;walk,1,0,,
,394,189030461,126,194,1,57.82,,,,service,8,"LINESTRING (121.4982500 31.2881455, 121.4988205 31.2879662)",bike;walk,1,0,,
,395,189030461,126,104,1,72.19,,,,service,8,"LINESTRING (121.4982500 31.2881455, 121.4979415 31.2882183, 121.4975313 31.2883514)",bike;walk,1,0,,
,396,189030461,104,126,1,72.19,,,,service,8,"LINESTRING (121.4975313 31.2883514, 121.4979415 31.2882183, 121.4982500 31.2881455)",bike;walk,1,0,,
,397,189030462,190,195,1,37.14,,,,service,8,"LINESTRING (121.5021088 31.2867262, 121.5017487 31.2868552)",bike;walk,1,0,,
,398,189030462,195,190,1,37.14,,,,service,8,"LINESTRING (121.5017487 31.2868552, 121.5021088 31.2867262)",bike;walk,1,0,,
,399,189248347,161,196,1,75.97,,,,footway,10,"LINESTRING (121.4980841 31.2836103, 121.4980526 31.2834850, 121.4980269 31.2834430, 121.4979799 31.2834083, 121.4979286 31.2834101, 121.4978580 31.2834101, 121.4978067 31.2833991, 121.4977596 31.2833754, 121.4977126 31.2833443, 121.4976634 31.2833224, 121.4976078 31.2833151, 121.4975672 31.2833151, 121.4975244 31.2832986, 121.4974883 31.2832774)",walk,0,0,,
,400,189248348,197,94,1,13.74,,,,footway,10,"LINESTRING (121.4955991 31.2853904, 121.4954723 31.2854497)",walk,0,0,,
,401,189248349,198,196,1,38.27,,,,service,8,"LINESTRING (121.4978623 31.2831506, 121.4974883 31.2832774)",bike;walk,1,0,,
,402,189248349,196,198,1,38.27,,,,service,8,"LINESTRING (121.4974883 31.2832774, 121.4978623 31.2831506)",bike;walk,1,0,,
,403,189248349,196,199,1,15.78,,,,service,8,"LINESTRING (121.4974883 31.2832774, 121.4973341 31.2833297)",bike;walk,1,0,,
,404,189248349,199,196,1,15.78,,,,service,8,"LINESTRING (121.4973341 31.2833297, 121.4974883 31.2832774)",bike;walk,1,0,,
,405,189248350,162,199,1,59.96,,,,service,8,"LINESTRING (121.4975515 31.2838375, 121.4973341 31.2833297)",bike;walk,1,0,,
,406,189248350,199,162,1,59.96,,,,service,8,"LINESTRING (121.4973341 31.2833297, 121.4975515 31.2838375)",bike;walk,1,0,,
,407,189248350,199,200,1,88.8,,,,service,8,"LINESTRING (121.4973341 31.2833297, 121.4971223 31.2833352, 121.4968679 31.2827558)",bike;walk,1,0,,
,408,189248350,200,199,1,88.8,,,,service,8,"LINESTRING (121.4968679 31.2827558, 121.4971223 31.2833352, 121.4973341 31.2833297)",bike;walk,1,0,,
,409,189248351,201,202,1,7.43,,,,footway,10,"LINESTRING (121.4956252 31.2854152, 121.4956622 31.2854259, 121.4957006 31.2854198)",walk,0,0,,
,410,189248351,202,197,1,34.5,,,,footway,10,"LINESTRING (121.4957006 31.2854198, 121.4957289 31.2854003, 121.4957436 31.2853719, 121.4957416 31.2853409, 121.4957232 31.2853141, 121.4956925 31.2852975, 121.4956563 31.2852948, 121.4956226 31.2853064, 121.4955989 31.2853300, 121.4955905 31.2853602, 121.4955991 31.2853904)",walk,0,0,,
,411,189248351,197,201,1,3.7,,,,footway,10,"LINESTRING (121.4955991 31.2853904, 121.4956252 31.2854152)",walk,0,0,,
,412,189248352,202,169,1,56.36,,,,footway,10,"LINESTRING (121.4957006 31.2854198, 121.4957836 31.2854972, 121.4958670 31.2854661, 121.4959312 31.2855959, 121.4958692 31.2856233, 121.4959284 31.2857367)",walk,0,0,,
,413,189248352,169,110,1,59.15,,,,footway,10,"LINESTRING (121.4959284 31.2857367, 121.4961643 31.2861624, 121.4961288 31.2862167)",walk,0,0,,
,414,189478402,193,203,1,11.15,,,,footway,10,"LINESTRING (121.4992867 31.2874603, 121.4992036 31.2873894)",walk,0,0,,
,415,189478403,178,204,1,14.56,,,,footway,10,"LINESTRING (121.4980396 31.2874099, 121.4981181 31.2875227)",walk,0,0,,
,416,189478404,204,205,1,7.92,,,,footway,10,"LINESTRING (121.4981181 31.2875227, 121.4981620 31.2875834)",walk,0,0,,
,417,189478405,130,31,1,11.68,,,,footway,10,"LINESTRING (121.5016621 31.2866829, 121.5015494 31.2867246)",bike;walk,0,0,,
,418,189478406,203,206,1,15.33,,,,footway,10,"LINESTRING (121.4992036 31.2873894, 121.4991988 31.2873475, 121.4991398 31.2873306, 121.4991380 31.2872878)",walk,0,0,,
,419,189478407,206,179,1,47.13,,,,footway,10,"LINESTRING (121.4991380 31.2872878, 121.4990580 31.2872649, 121.4989740 31.2872419, 121.4988112 31.2871789, 121.4987019 31.2870983)",walk,0,0,,
,420,189478408,205,194,1,79.09,,,,footway,10,"LINESTRING (121.4981620 31.2875834, 121.4982769 31.2876196, 121.4983963 31.2876441, 121.4985052 31.2876713, 121.4985884 31.2877204, 121.4986791 31.2877914, 121.4987290 31.2878483, 121.4987774 31.2879233, 121.4987868 31.2879327, 121.4988205 31.2879662)",walk,0,0,,
,421,191911301,65,207,1,23.47,,,,footway,10,"LINESTRING (121.5000492 31.2852216, 121.4998275 31.2853143)",walk,0,0,,
,422,191911302,208,108,1,40.97,,,,footway,10,"LINESTRING (121.4961518 31.2868707, 121.4965432 31.2867169)",bike;walk,0,0,,
,423,191911303,209,154,1,7.72,,,,footway,10,"LINESTRING (121.5021655 31.2861644, 121.5021291 31.2861022)",walk,0,0,,
,424,191911304,151,210,1,29.96,,,,footway,10,"LINESTRING (121.4989991 31.2850490, 121.4991345 31.2852930)",walk,0,0,,
,425,191911305,211,106,1,41.43,,,,footway,10,"LINESTRING (121.4962433 31.2870452, 121.4966397 31.2868908)",bike;walk,0,0,,
,426,191911306,174,212,1,14.82,,,,footway,10,"LINESTRING (121.5003148 31.2840577, 121.5002766 31.2839877, 121.5003349 31.2839617)",walk,0,0,,
,427,191911307,99,211,1,24.09,,,,footway,10,"LINESTRING (121.4963473 31.2872434, 121.4962433 31.2870452)",bike;walk,0,0,,
,428,191911307,211,208,1,21.21,,,,footway,10,"LINESTRING (121.4962433 31.2870452, 121.4961518 31.2868707)",bike;walk,0,0,,
,429,191911307,208,188,1,23.6,,,,footway,10,"LINESTRING (121.4961518 31.2868707, 121.4960500 31.2866765)",bike;walk,0,0,,
,430,191911308,181,192,1,130.68,,,,service,8,"LINESTRING (121.4991574 31.2879181, 121.4995984 31.2877592, 121.4996653 31.2877054, 121.4999778 31.2875861, 121.4998051 31.2872189)",bike;walk,1,0,,
,431,191911308,192,181,1,130.68,,,,service,8,"LINESTRING (121.4998051 31.2872189, 121.4999778 31.2875861, 121.4996653 31.2877054, 121.4995984 31.2877592, 121.4991574 31.2879181)",bike;walk,1,0,,
,432,191911309,99,105,1,57.41,,,,footway,10,"LINESTRING (121.4963473 31.2872434, 121.4964571 31.2873207, 121.4966085 31.2872888, 121.4967461 31.2873392, 121.4969015 31.2873305)",walk,0,0,,
,433,193137377,213,214,1,10.75,,,,footway,10,"LINESTRING (121.4997167 31.2886194, 121.4997588 31.2887094)",walk,0,0,,
,434,193137379,215,216,1,81.45,,,,service,8,"LINESTRING (121.4996543 31.2884859, 121.4988591 31.2887575)",bike;walk,1,0,,
,435,193137379,216,215,1,81.45,,,,service,8,"LINESTRING (121.4988591 31.2887575, 121.4996543 31.2884859)",bike;walk,1,0,,
,436,193137381,17,215,1,47.85,,,,service,8,"LINESTRING (121.4994669 31.2880853, 121.4994974 31.2881505, 121.4996543 31.2884859)",bike;walk,1,0,,
,437,193137381,215,17,1,47.85,,,,service,8,"LINESTRING (121.4996543 31.2884859, 121.4994974 31.2881505, 121.4994669 31.2880853)",bike;walk,1,0,,
,438,193137381,215,213,1,15.94,,,,service,8,"LINESTRING (121.4996543 31.2884859, 121.4997167 31.2886194)",bike;walk,1,0,,
,439,193137381,213,215,1,15.94,,,,service,8,"LINESTRING (121.4997167 31.2886194, 121.4996543 31.2884859)",bike;walk,1,0,,
,440,193137381,213,217,1,63.55,,,,service,8,"LINESTRING (121.4997167 31.2886194, 121.5003371 31.2884075)",bike;walk,1,0,,
,441,193137381,217,213,1,63.55,,,,service,8,"LINESTRING (121.5003371 31.2884075, 121.4997167 31.2886194)",bike;walk,1,0,,
密云路,442,239999346,27,87,1,53.07,,,,tertiary,5,"LINESTRING (121.4955806 31.2895477, 121.4954416 31.2894567, 121.4951293 31.2892666)",auto;bike;walk,0,0,,
密云路,443,239999347,218,122,1,59.77,,,,tertiary,5,"LINESTRING (121.4919637 31.2805000, 121.4919309 31.2808782, 121.4919180 31.2810379)",auto;bike;walk,1,0,,
密云路,444,239999347,122,218,1,59.77,,,,tertiary,5,"LINESTRING (121.4919180 31.2810379, 121.4919309 31.2808782, 121.4919637 31.2805000)",auto;bike;walk,1,0,,
密云路,445,239999350,122,219,1,11.13,,,,tertiary,5,"LINESTRING (121.4919180 31.2810379, 121.4919099 31.2811381)",auto;bike;walk,0,0,,
密云路,446,239999350,219,220,1,196.71,,,,tertiary,5,"LINESTRING (121.4919099 31.2811381, 121.4917610 31.2829084)",auto;bike;walk,0,0,,
密云路,447,239999350,220,28,1,125.53,,,,tertiary,5,"LINESTRING (121.4917610 31.2829084, 121.4916806 31.2838634, 121.4916659 31.2840381)",auto;bike;walk,0,0,,
密云路,448,239999352,86,27,1,20.32,,,,tertiary,5,"LINESTRING (121.4955990 31.2894072, 121.4955491 31.2894240, 121.4955329 31.2894567, 121.4955397 31.2894931, 121.4955806 31.2895477)",auto;bike;walk,0,0,,
世纪大道,449,379035416,159,221,1,121.03,,,,service,8,"LINESTRING (121.5000687 31.2828138, 121.5001152 31.2827596, 121.5001635 31.2826908, 121.5002386 31.2826083, 121.5003037 31.2825342, 121.5003043 31.2824975, 121.5001726 31.2822632, 121.5000731 31.2820757, 121.4999489 31.2818564)",bike;walk,1,0,,
世纪大道,450,379035416,221,159,1,121.03,,,,service,8,"LINESTRING (121.4999489 31.2818564, 121.5000731 31.2820757, 121.5001726 31.2822632, 121.5003043 31.2824975, 121.5003037 31.2825342, 121.5002386 31.2826083, 121.5001635 31.2826908, 121.5001152 31.2827596, 121.5000687 31.2828138)",bike;walk,1,0,,
东大道,451,379035417,112,190,1,15.41,,,,service,8,"LINESTRING (121.5021750 31.2868531, 121.5021088 31.2867262)",bike;walk,1,0,,
东大道,452,379035417,190,112,1,15.41,,,,service,8,"LINESTRING (121.5021088 31.2867262, 121.5021750 31.2868531)",bike;walk,1,0,,
东大道,453,379035417,190,129,1,21.25,,,,service,8,"LINESTRING (121.5021088 31.2867262, 121.5020176 31.2865512)",bike;walk,1,0,,
东大道,454,379035417,129,190,1,21.25,,,,service,8,"LINESTRING (121.5020176 31.2865512, 121.5021088 31.2867262)",bike;walk,1,0,,
东大道,455,379035417,129,153,1,40.86,,,,service,8,"LINESTRING (121.5020176 31.2865512, 121.5018432 31.2862143)",bike;walk,1,0,,
东大道,456,379035417,153,129,1,40.86,,,,service,8,"LINESTRING (121.5018432 31.2862143, 121.5020176 31.2865512)",bike;walk,1,0,,
东大道,457,379035417,153,158,1,38.16,,,,service,8,"LINESTRING (121.5018432 31.2862143, 121.5016804 31.2858997)",bike;walk,1,0,,
东大道,458,379035417,158,153,1,38.16,,,,service,8,"LINESTRING (121.5016804 31.2858997, 121.5018432 31.2862143)",bike;walk,1,0,,
东大道,459,379035417,158,189,1,30.16,,,,service,8,"LINESTRING (121.5016804 31.2858997, 121.5015487 31.2856522)",bike;walk,1,0,,
东大道,460,379035417,189,158,1,30.16,,,,service,8,"LINESTRING (121.5015487 31.2856522, 121.5016804 31.2858997)",bike;walk,1,0,,
东大道,461,379035417,189,125,1,42.2,,,,service,8,"LINESTRING (121.5015487 31.2856522, 121.5013675 31.2853047)",bike;walk,1,0,,
东大道,462,379035417,125,189,1,42.2,,,,service,8,"LINESTRING (121.5013675 31.2853047, 121.5015487 31.2856522)",bike;walk,1,0,,
东大道,463,379035417,125,183,1,52.76,,,,service,8,"LINESTRING (121.5013675 31.2853047, 121.5011410 31.2848702)",bike;walk,1,0,,
东大道,464,379035417,183,125,1,52.76,,,,service,8,"LINESTRING (121.5011410 31.2848702, 121.5013675 31.2853047)",bike;walk,1,0,,
东大道,465,379035417,183,182,1,7.54,,,,service,8,"LINESTRING (121.5011410 31.2848702, 121.5011086 31.2848081)",bike;walk,1,0,,
东大道,466,379035417,182,183,1,7.54,,,,service,8,"LINESTRING (121.5011086 31.2848081, 121.5011410 31.2848702)",bike;walk,1,0,,
东大道,467,379035417,182,184,1,8.09,,,,service,8,"LINESTRING (121.5011086 31.2848081, 121.5010739 31.2847415)",bike;walk,1,0,,
东大道,468,379035417,184,182,1,8.09,,,,service,8,"LINESTRING (121.5010739 31.2847415, 121.5011086 31.2848081)",bike;walk,1,0,,
东大道,469,379035417,184,152,1,48.45,,,,service,8,"LINESTRING (121.5010739 31.2847415, 121.5008658 31.2843425)",bike;walk,1,0,,
东大道,470,379035417,152,184,1,48.45,,,,service,8,"LINESTRING (121.5008658 31.2843425, 121.5010739 31.2847415)",bike;walk,1,0,,
东大道,471,379035417,152,175,1,50.19,,,,service,8,"LINESTRING (121.5008658 31.2843425, 121.5006503 31.2839292)",bike;walk,1,0,,
东大道,472,379035417,175,152,1,50.19,,,,service,8,"LINESTRING (121.5006503 31.2839292, 121.5008658 31.2843425)",bike;walk,1,0,,
东大道,473,379035417,175,159,1,135.45,,,,service,8,"LINESTRING (121.5006503 31.2839292, 121.5000687 31.2828138)",bike;walk,1,0,,
东大道,474,379035417,159,175,1,135.45,,,,service,8,"LINESTRING (121.5000687 31.2828138, 121.5006503 31.2839292)",bike;walk,1,0,,
,475,379036007,35,222,1,39.23,,,,service,8,"LINESTRING (121.4957545 31.2825173, 121.4957294 31.2824694, 121.4955855 31.2821945)",bike;walk,1,0,,
,476,379036007,222,35,1,39.23,,,,service,8,"LINESTRING (121.4955855 31.2821945, 121.4957294 31.2824694, 121.4957545 31.2825173)",bike;walk,1,0,,
,477,379036007,222,223,1,26.46,,,,service,8,"LINESTRING (121.4955855 31.2821945, 121.4955295 31.2821816, 121.4954865 31.2821816, 121.4953954 31.2821977, 121.4953149 31.2822183)",bike;walk,1,0,,
,478,379036007,223,222,1,26.46,,,,service,8,"LINESTRING (121.4953149 31.2822183, 121.4953954 31.2821977, 121.4954865 31.2821816, 121.4955295 31.2821816, 121.4955855 31.2821945)",bike;walk,1,0,,
,479,379036007,223,224,1,25.8,,,,service,8,"LINESTRING (121.4953149 31.2822183, 121.4952827 31.2822068, 121.4952639 31.2821747, 121.4952264 31.2821037, 121.4951971 31.2820184)",bike;walk,1,0,,
,480,379036007,224,223,1,25.8,,,,service,8,"LINESTRING (121.4951971 31.2820184, 121.4952264 31.2821037, 121.4952639 31.2821747, 121.4952827 31.2822068, 121.4953149 31.2822183)",bike;walk,1,0,,
,481,379036007,224,225,1,27.63,,,,service,8,"LINESTRING (121.4951971 31.2820184, 121.4951141 31.2818331, 121.4950972 31.2817845)",bike;walk,1,0,,
,482,379036007,225,224,1,27.63,,,,service,8,"LINESTRING (121.4950972 31.2817845, 121.4951141 31.2818331, 121.4951971 31.2820184)",bike;walk,1,0,,
,483,379036007,225,226,1,35.26,,,,service,8,"LINESTRING (121.4950972 31.2817845, 121.4949935 31.2814791)",bike;walk,1,0,,
,484,379036007,226,225,1,35.26,,,,service,8,"LINESTRING (121.4949935 31.2814791, 121.4950972 31.2817845)",bike;walk,1,0,,
,485,379036007,226,227,1,20.18,,,,service,8,"LINESTRING (121.4949935 31.2814791, 121.4949289 31.2813057)",bike;walk,1,0,,
,486,379036007,227,226,1,20.18,,,,service,8,"LINESTRING (121.4949289 31.2813057, 121.4949935 31.2814791)",bike;walk,1,0,,
,487,379036007,227,228,1,92.21,,,,service,8,"LINESTRING (121.4949289 31.2813057, 121.4948743 31.2812012, 121.4948390 31.2811395, 121.4947544 31.2810108, 121.4947068 31.2809188, 121.4946653 31.2807704, 121.4946192 31.2805260)",bike;walk,1,0,,
,488,379036007,228,227,1,92.21,,,,service,8,"LINESTRING (121.4946192 31.2805260, 121.4946653 31.2807704, 121.4947068 31.2809188, 121.4947544 31.2810108, 121.4948390 31.2811395, 121.4948743 31.2812012, 121.4949289 31.2813057)",bike;walk,1,0,,
,489,380537302,229,230,1,17.81,,,,footway,10,"LINESTRING (121.4959477 31.2860304, 121.4961189 31.2859655)",walk,0,0,,
,490,380537305,222,231,1,8.46,,,,service,8,"LINESTRING (121.4955855 31.2821945, 121.4956672 31.2821644)",bike;walk,1,0,,
,491,380537305,231,222,1,8.46,,,,service,8,"LINESTRING (121.4956672 31.2821644, 121.4955855 31.2821945)",bike;walk,1,0,,
,492,380537305,231,232,1,52.11,,,,service,8,"LINESTRING (121.4956672 31.2821644, 121.4961703 31.2819789)",bike;walk,1,0,,
,493,380537305,232,231,1,52.11,,,,service,8,"LINESTRING (121.4961703 31.2819789, 121.4956672 31.2821644)",bike;walk,1,0,,
,494,380537310,225,233,1,34.02,,,,service,8,"LINESTRING (121.4950972 31.2817845, 121.4954269 31.2816660)",bike;walk,1,0,,
,495,380537310,233,225,1,34.02,,,,service,8,"LINESTRING (121.4954269 31.2816660, 121.4950972 31.2817845)",bike;walk,1,0,,
,496,380537310,233,234,1,54.11,,,,service,8,"LINESTRING (121.4954269 31.2816660, 121.4959584 31.2814929)",bike;walk,1,0,,
,497,380537310,234,233,1,54.11,,,,service,8,"LINESTRING (121.4959584 31.2814929, 121.4954269 31.2816660)",bike;walk,1,0,,
,498,380537311,231,235,1,34.55,,,,service,8,"LINESTRING (121.4956672 31.2821644, 121.4955283 31.2818764)",bike;walk,1,0,,
,499,380537311,235,231,1,34.55,,,,service,8,"LINESTRING (121.4955283 31.2818764, 121.4956672 31.2821644)",bike;walk,1,0,,
,500,380537311,235,233,1,25.24,,,,service,8,"LINESTRING (121.4955283 31.2818764, 121.4954269 31.2816660)",bike;walk,1,0,,
,501,380537311,233,235,1,25.24,,,,service,8,"LINESTRING (121.4954269 31.2816660, 121.4955283 31.2818764)",bike;walk,1,0,,
,502,380537311,233,226,1,61.07,,,,service,8,"LINESTRING (121.4954269 31.2816660, 121.4952852 31.2814035, 121.4949935 31.2814791)",bike;walk,1,0,,
,503,380537311,226,233,1,61.07,,,,service,8,"LINESTRING (121.4949935 31.2814791, 121.4952852 31.2814035, 121.4954269 31.2816660)",bike;walk,1,0,,
,504,380537312,235,236,1,53.79,,,,service,8,"LINESTRING (121.4955283 31.2818764, 121.4960523 31.2816946)",bike;walk,1,0,,
,505,380537312,236,235,1,53.79,,,,service,8,"LINESTRING (121.4960523 31.2816946, 121.4955283 31.2818764)",bike;walk,1,0,,
,506,380537316,224,237,1,152.04,,,,service,8,"LINESTRING (121.4951971 31.2820184, 121.4945515 31.2822299, 121.4944839 31.2822233, 121.4944209 31.2821826, 121.4941949 31.2815599)",bike;walk,1,0,,
,507,380537316,237,224,1,152.04,,,,service,8,"LINESTRING (121.4941949 31.2815599, 121.4944209 31.2821826, 121.4944839 31.2822233, 121.4945515 31.2822299, 121.4951971 31.2820184)",bike;walk,1,0,,
,508,380537316,237,238,1,108.7,,,,service,8,"LINESTRING (121.4941949 31.2815599, 121.4941580 31.2814535, 121.4941242 31.2813497, 121.4941027 31.2812393, 121.4940916 31.2810391, 121.4940782 31.2807330, 121.4940758 31.2805897)",bike;walk,1,0,,
,509,380537316,238,237,1,108.7,,,,service,8,"LINESTRING (121.4940758 31.2805897, 121.4940782 31.2807330, 121.4940916 31.2810391, 121.4941027 31.2812393, 121.4941242 31.2813497, 121.4941580 31.2814535, 121.4941949 31.2815599)",bike;walk,1,0,,
,510,380537316,238,228,1,53.8,,,,service,8,"LINESTRING (121.4940758 31.2805897, 121.4940755 31.2805737, 121.4946192 31.2805260)",bike;walk,1,0,,
,511,380537316,228,238,1,53.8,,,,service,8,"LINESTRING (121.4946192 31.2805260, 121.4940755 31.2805737, 121.4940758 31.2805897)",bike;walk,1,0,,
,512,380537316,228,239,1,31.52,,,,service,8,"LINESTRING (121.4946192 31.2805260, 121.4948291 31.2805110, 121.4949489 31.2805000)",bike;walk,1,0,,
,513,380537316,239,228,1,31.52,,,,service,8,"LINESTRING (121.4949489 31.2805000, 121.4948291 31.2805110, 121.4946192 31.2805260)",bike;walk,1,0,,
,514,380537316,240,241,1,20.93,,,,service,8,"LINESTRING (121.4954983 31.2805000, 121.4955928 31.2806705)",bike;walk,1,0,,
,515,380537316,241,240,1,20.93,,,,service,8,"LINESTRING (121.4955928 31.2806705, 121.4954983 31.2805000)",bike;walk,1,0,,
,516,380537316,241,242,1,38.85,,,,service,8,"LINESTRING (121.4955928 31.2806705, 121.4957304 31.2809187, 121.4957304 31.2809462, 121.4957165 31.2809928)",bike;walk,1,0,,
,517,380537316,242,241,1,38.85,,,,service,8,"LINESTRING (121.4957165 31.2809928, 121.4957304 31.2809462, 121.4957304 31.2809187, 121.4955928 31.2806705)",bike;walk,1,0,,
,518,380537317,237,227,1,75.33,,,,service,8,"LINESTRING (121.4941949 31.2815599, 121.4949289 31.2813057)",bike;walk,1,0,,
,519,380537317,227,237,1,75.33,,,,service,8,"LINESTRING (121.4949289 31.2813057, 121.4941949 31.2815599)",bike;walk,1,0,,
,520,380537317,227,242,1,82.6,,,,service,8,"LINESTRING (121.4949289 31.2813057, 121.4957165 31.2809928)",bike;walk,1,0,,
,521,380537317,242,227,1,82.6,,,,service,8,"LINESTRING (121.4957165 31.2809928, 121.4949289 31.2813057)",bike;walk,1,0,,
,522,380537317,242,243,1,8.42,,,,service,8,"LINESTRING (121.4957165 31.2809928, 121.4957975 31.2809622)",bike;walk,1,0,,
,523,380537317,243,242,1,8.42,,,,service,8,"LINESTRING (121.4957975 31.2809622, 121.4957165 31.2809928)",bike;walk,1,0,,
,524,380537319,241,244,1,65.09,,,,service,8,"LINESTRING (121.4955928 31.2806705, 121.4953147 31.2807605, 121.4952852 31.2807628, 121.4952557 31.2807605, 121.4952316 31.2807399, 121.4952155 31.2807032, 121.4951424 31.2805000)",bike;walk,1,0,,
,525,380537319,244,241,1,65.09,,,,service,8,"LINESTRING (121.4951424 31.2805000, 121.4952155 31.2807032, 121.4952316 31.2807399, 121.4952557 31.2807605, 121.4952852 31.2807628, 121.4953147 31.2807605, 121.4955928 31.2806705)",bike;walk,1,0,,
,526,380537321,223,245,1,111.55,,,,service,8,"LINESTRING (121.4953149 31.2822183, 121.4942410 31.2826214)",bike;walk,1,0,,
,527,380537321,245,223,1,111.55,,,,service,8,"LINESTRING (121.4942410 31.2826214, 121.4953149 31.2822183)",bike;walk,1,0,,
,528,380537324,238,246,1,55.38,,,,service,8,"LINESTRING (121.4940758 31.2805897, 121.4939991 31.2805920, 121.4939562 31.2805932, 121.4938837 31.2805989, 121.4938294 31.2805995, 121.4937329 31.2806000, 121.4936249 31.2805978, 121.4936008 31.2805874, 121.4935900 31.2805594, 121.4935900 31.2805267, 121.4935885 31.2805000)",bike;walk,1,0,,
,529,380537324,246,238,1,55.38,,,,service,8,"LINESTRING (121.4935885 31.2805000, 121.4935900 31.2805267, 121.4935900 31.2805594, 121.4936008 31.2805874, 121.4936249 31.2805978, 121.4937329 31.2806000, 121.4938294 31.2805995, 121.4938837 31.2805989, 121.4939562 31.2805932, 121.4939991 31.2805920, 121.4940758 31.2805897)",bike;walk,1,0,,
,530,384616587,20,101,1,150.44,,,,service,8,"LINESTRING (121.4967763 31.2887924, 121.4966144 31.2887667, 121.4961504 31.2887048, 121.4959519 31.2886819, 121.4959626 31.2884710, 121.4959009 31.2883862, 121.4959427 31.2880585)",bike;walk,1,0,,
,531,384616587,101,20,1,150.44,,,,service,8,"LINESTRING (121.4959427 31.2880585, 121.4959009 31.2883862, 121.4959626 31.2884710, 121.4959519 31.2886819, 121.4961504 31.2887048, 121.4966144 31.2887667, 121.4967763 31.2887924)",bike;walk,1,0,,
,532,387456857,132,32,1,97.85,,,,service,8,"LINESTRING (121.5004540 31.2867680, 121.5013902 31.2864032)",bike;walk,1,0,,
,533,387456857,32,132,1,97.85,,,,service,8,"LINESTRING (121.5013902 31.2864032, 121.5004540 31.2867680)",bike;walk,1,0,,
,534,387456858,247,79,1,87.32,,,,service,8,"LINESTRING (121.4926156 31.2864758, 121.4934288 31.2861111)",bike;walk,1,0,,
,535,387456858,79,247,1,87.32,,,,service,8,"LINESTRING (121.4934288 31.2861111, 121.4926156 31.2864758)",bike;walk,1,0,,
,536,387456862,78,75,1,106.26,,,,service,8,"LINESTRING (121.4931352 31.2855260, 121.4941561 31.2851381)",bike;walk,1,0,,
,537,387456862,75,78,1,106.26,,,,service,8,"LINESTRING (121.4941561 31.2851381, 121.4931352 31.2855260)",bike;walk,1,0,,
,538,387456863,80,167,1,104.04,,,,service,8,"LINESTRING (121.4935331 31.2862016, 121.4945200 31.2857979)",bike;walk,1,0,,
,539,387456863,167,80,1,104.04,,,,service,8,"LINESTRING (121.4945200 31.2857979, 121.4935331 31.2862016)",bike;walk,1,0,,
大连西路30弄,540,415816175,248,249,1,2.32,,,,service,8,"LINESTRING (121.4928653 31.2805000, 121.4928627 31.2805209)",bike;walk,1,0,,
大连西路30弄,541,415816175,249,248,1,2.32,,,,service,8,"LINESTRING (121.4928627 31.2805209, 121.4928653 31.2805000)",bike;walk,1,0,,
大连西路30弄,542,415816175,249,250,1,32.48,,,,service,8,"LINESTRING (121.4928627 31.2805209, 121.4928527 31.2806026, 121.4928524 31.2808135)",bike;walk,1,0,,
大连西路30弄,543,415816175,250,249,1,32.48,,,,service,8,"LINESTRING (121.4928524 31.2808135, 121.4928527 31.2806026, 121.4928627 31.2805209)",bike;walk,1,0,,
大连西路30弄,544,415816175,250,251,1,56.58,,,,service,8,"LINESTRING (121.4928524 31.2808135, 121.4928521 31.2810078, 121.4928102 31.2810600, 121.4927195 31.2810643, 121.4926147 31.2810833, 121.4925393 31.2811349)",bike;walk,1,0,,
大连西路30弄,545,415816175,251,250,1,56.58,,,,service,8,"LINESTRING (121.4925393 31.2811349, 121.4926147 31.2810833, 121.4927195 31.2810643, 121.4928102 31.2810600, 121.4928521 31.2810078, 121.4928524 31.2808135)",bike;walk,1,0,,
密云路454弄,546,415816176,219,251,1,59.91,,,,service,8,"LINESTRING (121.4919099 31.2811381, 121.4925393 31.2811349)",bike;walk,1,0,,
密云路454弄,547,415816176,251,219,1,59.91,,,,service,8,"LINESTRING (121.4925393 31.2811349, 121.4919099 31.2811381)",bike;walk,1,0,,
密云路454弄,548,415816176,251,252,1,62.99,,,,service,8,"LINESTRING (121.4925393 31.2811349, 121.4925069 31.2814833, 121.4924734 31.2817002)",bike;walk,1,0,,
密云路454弄,549,415816176,252,251,1,62.99,,,,service,8,"LINESTRING (121.4924734 31.2817002, 121.4925069 31.2814833, 121.4925393 31.2811349)",bike;walk,1,0,,
密云路454弄,550,415816176,252,253,1,28.72,,,,service,8,"LINESTRING (121.4924734 31.2817002, 121.4924337 31.2819571)",bike;walk,1,0,,
密云路454弄,551,415816176,253,252,1,28.72,,,,service,8,"LINESTRING (121.4924337 31.2819571, 121.4924734 31.2817002)",bike;walk,1,0,,
密云路454弄,552,415816176,253,254,1,28.55,,,,service,8,"LINESTRING (121.4924337 31.2819571, 121.4924206 31.2820423, 121.4924117 31.2822138)",bike;walk,1,0,,
密云路454弄,553,415816176,254,253,1,28.55,,,,service,8,"LINESTRING (121.4924117 31.2822138, 121.4924206 31.2820423, 121.4924337 31.2819571)",bike;walk,1,0,,
密云路454弄,554,415816176,254,255,1,26.96,,,,service,8,"LINESTRING (121.4924117 31.2822138, 121.4923990 31.2824568)",bike;walk,1,0,,
密云路454弄,555,415816176,255,254,1,26.96,,,,service,8,"LINESTRING (121.4923990 31.2824568, 121.4924117 31.2822138)",bike;walk,1,0,,
密云路454弄,556,415816176,255,256,1,26.95,,,,service,8,"LINESTRING (121.4923990 31.2824568, 121.4923888 31.2826517, 121.4923878 31.2826998)",bike;walk,1,0,,
密云路454弄,557,415816176,256,255,1,26.95,,,,service,8,"LINESTRING (121.4923878 31.2826998, 121.4923888 31.2826517, 121.4923990 31.2824568)",bike;walk,1,0,,
密云路454弄,558,415816176,256,220,1,81.77,,,,service,8,"LINESTRING (121.4923878 31.2826998, 121.4923843 31.2828730, 121.4923235 31.2829346, 121.4917610 31.2829084)",bike;walk,1,0,,
密云路454弄,559,415816176,220,256,1,81.77,,,,service,8,"LINESTRING (121.4917610 31.2829084, 121.4923235 31.2829346, 121.4923843 31.2828730, 121.4923878 31.2826998)",bike;walk,1,0,,
,560,415816191,257,36,1,136.8,,,,service,8,"LINESTRING (121.4975157 31.2805000, 121.4980098 31.2816591)",bike;walk,1,0,,
,561,415816191,36,257,1,136.8,,,,service,8,"LINESTRING (121.4980098 31.2816591, 121.4975157 31.2805000)",bike;walk,1,0,,
,562,422896444,44,258,1,4.8,,,,service,8,"LINESTRING (121.4916228 31.2900656, 121.4915922 31.2901000)",bike;walk,0,0,,
,563,422896444,259,43,1,5.43,,,,service,8,"LINESTRING (121.4910357 31.2901000, 121.4909942 31.2900664)",bike;walk,0,0,,
中山北二路,564,428147190,260,5,1,163.76,,,,primary,3,"LINESTRING (121.4909000 31.2876564, 121.4911018 31.2876611, 121.4918037 31.2876659, 121.4922706 31.2876809, 121.4926160 31.2877267)",auto;bike;walk,0,0,,
中山北二路,565,428147190,5,46,1,127.57,,,,primary,3,"LINESTRING (121.4926160 31.2877267, 121.4928708 31.2877828, 121.4931526 31.2878723, 121.4934210 31.2879693, 121.4936180 31.2880621, 121.4938295 31.2881933)",auto;bike;walk,0,0,,
中山北二路,566,428147190,46,41,1,133.22,,,,primary,3,"LINESTRING (121.4938295 31.2881933, 121.4945498 31.2887426, 121.4949117 31.2889520)",auto;bike;walk,0,0,,
中山北二路,567,428147190,41,21,1,173.72,,,,primary,3,"LINESTRING (121.4949117 31.2889520, 121.4951071 31.2890590, 121.4952965 31.2891437, 121.4954868 31.2892151, 121.4957844 31.2892909, 121.4961716 31.2893538, 121.4964116 31.2893530, 121.4966392 31.2893458)",auto;bike;walk,0,0,,
中山北二路,568,428147190,21,124,1,578.66,,,,primary,3,"LINESTRING (121.4966392 31.2893458, 121.4970819 31.2893235, 121.4980916 31.2892635, 121.4991905 31.2891812, 121.4996076 31.2891507, 121.4999665 31.2891133, 121.5004229 31.2890338, 121.5007889 31.2889424, 121.5021753 31.2884785, 121.5025501 31.2883669, 121.5025589 31.2883637)",auto;bike;walk,0,0,,
中山北二路,569,428147190,124,261,1,97.38,,,,primary,3,"LINESTRING (121.5025589 31.2883637, 121.5035000 31.2880191)",auto;bike;walk,0,0,,
,570,433248154,249,262,1,56.89,,,,service,8,"LINESTRING (121.4928627 31.2805209, 121.4934576 31.2805706)",bike;walk,1,0,,
,571,433248154,262,249,1,56.89,,,,service,8,"LINESTRING (121.4934576 31.2805706, 121.4928627 31.2805209)",bike;walk,1,0,,
,572,433248155,250,263,1,56.94,,,,service,8,"LINESTRING (121.4928524 31.2808135, 121.4934492 31.2808493)",bike;walk,1,0,,
,573,433248155,263,250,1,56.94,,,,service,8,"LINESTRING (121.4934492 31.2808493, 121.4928524 31.2808135)",bike;walk,1,0,,
,574,433248156,264,252,1,48.42,,,,service,8,"LINESTRING (121.4919654 31.2816780, 121.4924734 31.2817002)",bike;walk,1,0,,
,575,433248156,252,264,1,48.42,,,,service,8,"LINESTRING (121.4924734 31.2817002, 121.4919654 31.2816780)",bike;walk,1,0,,
,576,433248156,252,265,1,43.99,,,,service,8,"LINESTRING (121.4924734 31.2817002, 121.4929351 31.2817173)",bike;walk,1,0,,
,577,433248156,265,252,1,43.99,,,,service,8,"LINESTRING (121.4929351 31.2817173, 121.4924734 31.2817002)",bike;walk,1,0,,
,578,433248157,266,253,1,46.99,,,,service,8,"LINESTRING (121.4919403 31.2819423, 121.4924337 31.2819571)",bike;walk,1,0,,
,579,433248157,253,266,1,46.99,,,,service,8,"LINESTRING (121.4924337 31.2819571, 121.4919403 31.2819423)",bike;walk,1,0,,
,580,433248157,253,267,1,56.17,,,,service,8,"LINESTRING (121.4924337 31.2819571, 121.4930229 31.2819852)",bike;walk,1,0,,
,581,433248157,267,253,1,56.17,,,,service,8,"LINESTRING (121.4930229 31.2819852, 121.4924337 31.2819571)",bike;walk,1,0,,
,582,433248158,268,254,1,44.9,,,,service,8,"LINESTRING (121.4919403 31.2821995, 121.4924117 31.2822138)",bike;walk,1,0,,
,583,433248158,254,268,1,44.9,,,,service,8,"LINESTRING (121.4924117 31.2822138, 121.4919403 31.2821995)",bike;walk,1,0,,
,584,433248158,254,269,1,68.66,,,,service,8,"LINESTRING (121.4924117 31.2822138, 121.4931316 31.2822531)",bike;walk,1,0,,
,585,433248158,269,254,1,68.66,,,,service,8,"LINESTRING (121.4931316 31.2822531, 121.4924117 31.2822138)",bike;walk,1,0,,
,586,433248159,270,255,1,47.72,,,,service,8,"LINESTRING (121.4918985 31.2824317, 121.4923990 31.2824568)",bike;walk,1,0,,
,587,433248159,255,270,1,47.72,,,,service,8,"LINESTRING (121.4923990 31.2824568, 121.4918985 31.2824317)",bike;walk,1,0,,
,588,433248160,271,256,1,46.59,,,,service,8,"LINESTRING (121.4918985 31.2826889, 121.4923878 31.2826998)",bike;walk,1,0,,
,589,433248160,256,271,1,46.59,,,,service,8,"LINESTRING (121.4923878 31.2826998, 121.4918985 31.2826889)",bike;walk,1,0,,
,590,435089005,272,273,1,68.55,,,,service,8,"LINESTRING (121.4909000 31.2887607, 121.4909047 31.2887615, 121.4911527 31.2888657, 121.4913479 31.2889700, 121.4915186 31.2890742)",bike;walk,1,0,,
,591,435089005,273,272,1,68.55,,,,service,8,"LINESTRING (121.4915186 31.2890742, 121.4913479 31.2889700, 121.4911527 31.2888657, 121.4909047 31.2887615, 121.4909000 31.2887607)",bike;walk,1,0,,
,592,435089005,273,45,1,113.48,,,,service,8,"LINESTRING (121.4915186 31.2890742, 121.4914983 31.2891506, 121.4915024 31.2892514, 121.4915715 31.2895258, 121.4917625 31.2900654)",bike;walk,1,0,,
,593,435089005,45,273,1,113.48,,,,service,8,"LINESTRING (121.4917625 31.2900654, 121.4915715 31.2895258, 121.4915024 31.2892514, 121.4914983 31.2891506, 121.4915186 31.2890742)",bike;walk,1,0,,
,594,435089006,273,274,1,152.46,,,,service,8,"LINESTRING (121.4915186 31.2890742, 121.4915602 31.2890317, 121.4916464 31.2889791, 121.4918683 31.2888817, 121.4920316 31.2888290, 121.4921579 31.2888211, 121.4930391 31.2888211)",bike;walk,1,0,,
,595,435089006,274,273,1,152.46,,,,service,8,"LINESTRING (121.4930391 31.2888211, 121.4921579 31.2888211, 121.4920316 31.2888290, 121.4918683 31.2888817, 121.4916464 31.2889791, 121.4915602 31.2890317, 121.4915186 31.2890742)",bike;walk,1,0,,
四平路,596,482847293,119,12,1,34.34,,,,primary,3,"LINESTRING (121.5016637 31.2834042, 121.5016654 31.2834573, 121.5016391 31.2834894, 121.5016127 31.2835105, 121.5015960 31.2835196, 121.5015769 31.2835267, 121.5015174 31.2835283, 121.5014735 31.2835148, 121.5014128 31.2834841)",auto;bike;walk,0,0,,
,597,729783868,275,276,1,25.26,,,,residential,6,"LINESTRING (121.4953831 31.2901000, 121.4955537 31.2899254)",auto;bike;walk,1,0,,
,598,729783868,276,275,1,25.26,,,,residential,6,"LINESTRING (121.4955537 31.2899254, 121.4953831 31.2901000)",auto;bike;walk,1,0,,
,599,729783868,276,277,1,19.85,,,,residential,6,"LINESTRING (121.4955537 31.2899254, 121.4956878 31.2897882)",auto;bike;walk,1,0,,
,600,729783868,277,276,1,19.85,,,,residential,6,"LINESTRING (121.4956878 31.2897882, 121.4955537 31.2899254)",auto;bike;walk,1,0,,
,601,729783870,278,276,1,29.01,,,,residential,6,"LINESTRING (121.4957807 31.2901000, 121.4955537 31.2899254)",auto;bike;walk,1,0,,
,602,729783870,276,278,1,29.01,,,,residential,6,"LINESTRING (121.4955537 31.2899254, 121.4957807 31.2901000)",auto;bike;walk,1,0,,
