name,poi_id,osm_way_id,osm_relation_id,building,amenity,leisure,way,geometry,centroid,area,area_ft2
白云国际机场T1航站楼A区,0,115124892,,yes,,,,"POLYGON ((113.3011986 23.3832729, 113.3010539 23.383432, 113.2991253 23.385736, 113.2991414 23.3858714, 113.2991179 23.3858844, 113.2990502 23.3859219, 113.298731 23.3854282, 113.29851 23.3855332, 113.2985986 23.3856894, 113.2985301 23.38572, 113.2983141 23.3858609, 113.298727 23.3865735, 113.2989657 23.3869854, 113.2995697 23.388159, 113.2997355 23.3881104, 113.3000225 23.3881991, 113.2996386 23.3882914, 113.2997471 23.3885366, 113.3001606 23.3884969, 113.3000144 23.3886976, 113.2998327 23.3887131, 113.3001359 23.3894625, 113.3001566 23.3895137, 113.3004618 23.3902433, 113.3004758 23.3902768, 113.3005965 23.3905673, 113.3005022 23.3906021, 113.3003867 23.3906448, 113.3003497 23.3906584, 113.3008754 23.3922106, 113.3008959 23.3921978, 113.3009465 23.3921662, 113.3009411 23.3921416, 113.3010165 23.3921198, 113.301098 23.3920961, 113.3011973 23.3924186, 113.3012523 23.3925983, 113.3018343 23.3924457, 113.3017284 23.3920247, 113.3018279 23.392003, 113.3019577 23.3919767, 113.3019805 23.3920185, 113.3038943 23.391589, 113.3038862 23.3913772, 113.3037923 23.3911655, 113.3018638 23.3915865, 113.3018678 23.3916407, 113.3017284 23.3916665, 113.3016734 23.3916764, 113.3013143 23.3906087, 113.3009867 23.3897512, 113.3005965 23.3888761, 113.3006426 23.3888543, 113.3006877 23.388833, 113.3008486 23.3888822, 113.3029327 23.3879123, 113.3027436 23.3875996, 113.3006796 23.3885696, 113.300622 23.3887284, 113.3005892 23.3887398, 113.3005482 23.3887542, 113.2995665 23.3867958, 113.2991306 23.3860425, 113.29919 23.3859937, 113.2992071 23.3859797, 113.2994243 23.3859489, 113.3014937 23.3834858, 113.3011986 23.3832729))",POINT (113.3007321 23.3887392),92335.5,993890.3
白云国际机场T1航站楼B区,1,139632177,,yes,,,,"POLYGON ((113.2953152 23.386493, 113.2953206 23.3864782, 113.2953139 23.3864204, 113.2953005 23.3863539, 113.295279 23.3863071, 113.2954641 23.3863096, 113.2954198 23.3863613, 113.2954124 23.3864401, 113.2954064 23.3864967, 113.295511 23.3865053, 113.2955083 23.3869583, 113.2956229 23.386962, 113.2957206 23.3869651, 113.295815 23.3890513, 113.295709 23.3890706, 113.2954118 23.3891247, 113.2952213 23.3893106, 113.2957154 23.389203, 113.2957955 23.3891856, 113.2958131 23.3894382, 113.2957324 23.3894663, 113.2952468 23.3896355, 113.2954735 23.3897402, 113.2957469 23.389635, 113.2958402 23.3895991, 113.2959281 23.3903778, 113.2958168 23.3903778, 113.2957377 23.3903778, 113.2957806 23.390832, 113.2958478 23.3908254, 113.2959391 23.3908166, 113.2960072 23.3913009, 113.2959186 23.3913129, 113.2958436 23.3913231, 113.2958905 23.3916407, 113.2959764 23.3916292, 113.2960504 23.3916192, 113.2960743 23.391616, 113.2964632 23.3932162, 113.296435 23.3932176, 113.2963178 23.3932235, 113.2962191 23.3932285, 113.2962996 23.3935584, 113.2963452 23.3937282, 113.2957309 23.3938685, 113.2956263 23.3934279, 113.2955189 23.3934539, 113.2954198 23.3934673, 113.2954252 23.3935337, 113.2934993 23.3940015, 113.2934055 23.3937848, 113.2933679 23.3935534, 113.2953179 23.3930906, 113.295334 23.3931399, 113.2954278 23.3931247, 113.295562 23.3931029, 113.2952642 23.3918056, 113.295055 23.3901464, 113.2949782 23.390149, 113.2949337 23.3901514, 113.2948228 23.3902648, 113.2924736 23.3903226, 113.2924661 23.3899718, 113.2948162 23.3899285, 113.2949419 23.3900451, 113.2949681 23.3900407, 113.2950215 23.3900358, 113.2948995 23.3885363, 113.2948807 23.3870248, 113.2948089 23.3870063, 113.2947801 23.3869989, 113.2945776 23.3870802, 113.2914971 23.3857901, 113.2916459 23.3854726, 113.2947466 23.3867663, 113.2948002 23.386882, 113.2948189 23.3868868, 113.294882 23.3869029, 113.2948921 23.3863028, 113.2951955 23.3863065, 113.2951972 23.3864745, 113.2953152 23.386493))",POINT (113.2949075 23.3899516),100335.5,1080001.7
,2,139934491,,,,pitch,,"POLYGON ((113.3062755 23.4178222, 113.3063686 23.4179313, 113.3065885 23.4180347, 113.3069032 23.417965, 113.307048 23.4177976, 113.307066 23.4178427, 113.3071494 23.4178269, 113.3068246 23.4165234, 113.3067103 23.4165424, 113.3065314 23.4164626, 113.3062326 23.4165375, 113.3061253 23.4166605, 113.3060253 23.4167991, 113.3062755 23.4178222))",POINT (113.3065752 23.4172498),13652.4,146953.1
,3,139934493,,,,pitch,,"POLYGON ((113.306104 23.4169114, 113.3067507 23.4167686, 113.3069862 23.417667, 113.3063394 23.4178097, 113.306104 23.4169114))",POINT (113.3065451 23.4172892),6951.4,74824.1
,4,220206402,,yes,,,,"POLYGON ((113.2959468 23.3854147, 113.2959458 23.3853218, 113.2960686 23.3853208, 113.2962414 23.3853193, 113.2962424 23.3854121, 113.2960765 23.3854136, 113.2959468 23.3854147))",POINT (113.2960941 23.385367),310.5,3342.5
,5,220206403,,yes,,,,"POLYGON ((113.2970725 23.3852134, 113.2970254 23.3851282, 113.2971129 23.3850875, 113.2972139 23.3850405, 113.2972487 23.3850243, 113.2972958 23.3851094, 113.2972554 23.3851282, 113.297157 23.385174, 113.2970725 23.3852134))",POINT (113.2971606 23.3851188),270.4,2910.7
白云国际机场T1航站楼,6,220206411,,yes,,,,"POLYGON ((113.2959804 23.3882963, 113.2960474 23.389009, 113.2959458 23.3890275, 113.2958305 23.3890485, 113.295815 23.3890513, 113.295709 23.3890706, 113.2954118 23.3891247, 113.2952213 23.3893106, 113.2957154 23.389203, 113.2957955 23.3891856, 113.2958417 23.3891755, 113.2959538 23.3891511, 113.29625 23.3890866, 113.2962526 23.3891801, 113.2962862 23.3892392, 113.2962124 23.3892675, 113.2962205 23.3892909, 113.2959815 23.3893773, 113.2958592 23.3894215, 113.2958131 23.3894382, 113.2957324 23.3894663, 113.2952468 23.3896355, 113.2954735 23.3897402, 113.2957469 23.389635, 113.2958402 23.3895991, 113.295871 23.3895873, 113.2959926 23.3895405, 113.2960556 23.3895162, 113.2961614 23.3894755, 113.2964592 23.390134, 113.2965088 23.3902141, 113.2965704 23.3902488, 113.2966027 23.390267, 113.2967596 23.3901796, 113.2967596 23.3902769, 113.2971606 23.3901316, 113.297815 23.3899482, 113.2986197 23.3897882, 113.2991334 23.3897315, 113.2990931 23.3896491, 113.2992849 23.3896429, 113.299298 23.3896022, 113.2993278 23.38951, 113.2992661 23.3887616, 113.2993339 23.3887558, 113.2994339 23.3887472, 113.2995532 23.388737, 113.2996802 23.3887262, 113.2998327 23.3887131, 113.3000144 23.3886976, 113.3001606 23.3884969, 113.2997471 23.3885366, 113.2995892 23.3885517, 113.2994711 23.3885631, 113.2993539 23.3885743, 113.2993317 23.3885765, 113.2990958 23.3885991, 113.2990757 23.3885105, 113.2990247 23.3884391, 113.2992635 23.3883817, 113.2993743 23.388355, 113.2994742 23.388331, 113.2996386 23.3882914, 113.3000225 23.3881991, 113.2997355 23.3881104, 113.2995697 23.388159, 113.2994009 23.3882084, 113.2993104 23.3882349, 113.299209 23.3882646, 113.2991132 23.3882926, 113.2988182 23.3876624, 113.2987055 23.3875615, 113.2985982 23.3876181, 113.2985092 23.3876625, 113.2982402 23.3877966, 113.2982254 23.387751, 113.2982328 23.3877064, 113.2982375 23.3876784, 113.2973658 23.3879233, 113.2965007 23.3880624, 113.2965198 23.3880916, 113.296553 23.3881424, 113.2965624 23.3881708, 113.2961523 23.3881793, 113.296034 23.3881818, 113.2959804 23.3882963))",POINT (113.2976667 23.3889265),78158.6,841291.1
,7,220209626,,,parking,,,"POLYGON ((113.2963238 23.3879612, 113.2962342 23.3879193, 113.2961674 23.3878475, 113.2961332 23.3877742, 113.2961218 23.387692, 113.2960973 23.386968, 113.2961071 23.3867841, 113.2961201 23.3866016, 113.2961201 23.3865178, 113.2961087 23.3863787, 113.296081 23.3862262, 113.2960703 23.3860277, 113.2961441 23.3859367, 113.2962368 23.3858742, 113.296415 23.3858711, 113.2966659 23.3858599, 113.2969478 23.3857986, 113.2970951 23.3857443, 113.2974873 23.3864988, 113.2980157 23.3876001, 113.2973585 23.3878059, 113.2966936 23.3879405, 113.2964394 23.3879734, 113.2963238 23.3879612))",POINT (113.2968679 23.3869412),34468.2,371012.7
,8,220211758,,,parking,,,"POLYGON ((113.2981625 23.3852789, 113.2983243 23.3851557, 113.2983565 23.385069, 113.2983596 23.3850329, 113.2983635 23.3849886, 113.2984541 23.3849472, 113.2987311 23.3854123, 113.2984789 23.3855458, 113.2983914 23.3854168, 113.2982854 23.3854792, 113.2981625 23.3852789))",POINT (113.2984478 23.3852796),1936.1,20840.2
,9,220216207,,,parking,,,"POLYGON ((113.2954124 23.3864401, 113.2954855 23.3864418, 113.2955374 23.3864323, 113.2955881 23.3863984, 113.2956423 23.3863413, 113.2955985 23.3851783, 113.2952304 23.3851667, 113.2952336 23.385546, 113.295393 23.385559, 113.295388 23.3862139, 113.2952105 23.3862181, 113.2952001 23.3862848, 113.2952013 23.3863408, 113.2953139 23.3864204, 113.2953005 23.3863539, 113.295279 23.3863071, 113.2954641 23.3863096, 113.2954198 23.3863613, 113.2954124 23.3864401))",POINT (113.29546 23.3857666),4158,44756.6
,10,220216208,,,parking,,,"POLYGON ((113.2950552 23.3858001, 113.2951889 23.3858911, 113.2952417 23.3859284, 113.2952401 23.3861842, 113.2951635 23.3861842, 113.2951575 23.3862994, 113.2948944 23.3862992, 113.2948968 23.3857945, 113.2950552 23.3858001))",POINT (113.2950512 23.3860536),1717.3,18484.5
,11,220231988,,yes,,,,"POLYGON ((113.2963322 23.3860425, 113.2964137 23.3860425, 113.2964122 23.3859748, 113.2964137 23.3859124, 113.2963322 23.3859124, 113.2963322 23.3859734, 113.2963322 23.3860425))",POINT (113.2963726 23.3859775),118.8,1279.3
铂尔曼酒店,12,220237789,,hotel,,,,"POLYGON ((113.2976154 23.3920554, 113.2972725 23.3915115, 113.2975142 23.391376, 113.2978185 23.3912509, 113.2981613 23.391143, 113.2983774 23.391105, 113.2986146 23.3910753, 113.298942 23.3910436, 113.2991671 23.3910579, 113.2991506 23.3917204, 113.2988879 23.3917354, 113.2986113 23.3917627, 113.2983155 23.3918173, 113.2980075 23.3919023, 113.297766 23.3919876, 113.2976154 23.3920554))",POINT (113.2982864 23.3914993),13629,146700.9
,13,220237814,,yes,,,,"POLYGON ((113.2978874 23.3931559, 113.2979998 23.3932395, 113.2979923 23.3932479, 113.2980764 23.3932966, 113.2980504 23.393319, 113.2980004 23.3933621, 113.2981447 23.3934317, 113.298297 23.3934717, 113.2984559 23.3934975, 113.298616 23.3934916, 113.2987778 23.3934721, 113.2988681 23.3934432, 113.2989261 23.39342, 113.2990678 23.3933637, 113.2991968 23.3932639, 113.2993107 23.3931775, 113.2993468 23.3931223, 113.2994016 23.3930385, 113.2993654 23.3930307, 113.2994218 23.3929239, 113.2994288 23.3929266, 113.2994956 23.3927695, 113.2992997 23.3927748, 113.2992467 23.3928827, 113.2992306 23.3928816, 113.2991787 23.3929588, 113.2991188 23.3929461, 113.2990361 23.3930285, 113.2989477 23.3930846, 113.2988468 23.3931323, 113.2987397 23.3931705, 113.2986233 23.3932, 113.2985179 23.3932108, 113.2984113 23.3932042, 113.2982773 23.3931673, 113.29819 23.3931301, 113.2980863 23.3930625, 113.2978874 23.3931559))",POINT (113.2987303 23.3932212),5194.1,55909.1
,14,220240674,,,parking,,,"POLYGON ((113.3017342 23.3942578, 113.3016932 23.3941147, 113.3016779 23.3940613, 113.3015359 23.3940964, 113.3014751 23.3938441, 113.3015404 23.3938275, 113.3012407 23.3926982, 113.3019145 23.3925328, 113.302318 23.3941152, 113.3017342 23.3942578))",POINT (113.30178 23.3934012),12700,136701.2
,15,220310326,,yes,,,,"POLYGON ((113.3009998 23.3773581, 113.3009798 23.3772885, 113.3009702 23.3772552, 113.3010528 23.377237, 113.301125 23.3772212, 113.3012024 23.3772033, 113.3012295 23.3771971, 113.3012572 23.3772988, 113.3011546 23.3773224, 113.3010829 23.377339, 113.3009998 23.3773581))",POINT (113.3011138 23.3772775),317.1,3413.2
,16,220310327,,yes,,,,"POLYGON ((113.2885703 23.3802419, 113.2885467 23.38016, 113.2885406 23.380139, 113.2885819 23.3801256, 113.2886677 23.3801102, 113.288738 23.3800948, 113.2887658 23.3801968, 113.2886953 23.3802123, 113.2886132 23.3802273, 113.2885703 23.3802419))",POINT (113.288653 23.3801666),241.5,2599.4
,17,434884498,,yes,,,,"POLYGON ((113.2972668 23.3696462, 113.2972668 23.3698282, 113.2974663 23.3698444, 113.297478 23.3697978, 113.2975925 23.3698152, 113.2975807 23.3698584, 113.2977376 23.3698997, 113.2978119 23.3697307, 113.2976491 23.3696852, 113.2976385 23.3697112, 113.2975677 23.369669, 113.2974946 23.3696896, 113.2975004 23.369656, 113.2972668 23.3696462))",POINT (113.2975212 23.3697598),996.1,10722.5
,18,460891893,,yes,,,,"POLYGON ((113.2980032 23.4100532, 113.2993336 23.4151532, 113.3005664 23.4148824, 113.299236 23.4097824, 113.2980032 23.4100532))",POINT (113.2992848 23.4124678),75187.2,809307.3
,19,460891919,,,,pitch,,"POLYGON ((113.2760586 23.412206, 113.2761741 23.4120566, 113.2758666 23.4118563, 113.2757511 23.4120057, 113.2760586 23.412206))",POINT (113.2759626 23.4120312),781.3,8409.6
,20,460891920,,yes,,,,"POLYGON ((113.2745651 23.4125992, 113.2745909 23.4126682, 113.2749835 23.4125445, 113.2750024 23.4125951, 113.2750464 23.4125812, 113.2750181 23.4125055, 113.2750045 23.4125098, 113.2749422 23.4123433, 113.275214 23.4122996, 113.2754868 23.4123383, 113.2755163 23.4122522, 113.2752151 23.4122022, 113.2749129 23.4122473, 113.2746446 23.4123824, 113.2744407 23.4125919, 113.2745131 23.4126509, 113.2745651 23.4125992))",POINT (113.2748953 23.4124188),2065.5,22233.2
,21,460891921,,yes,,,,"POLYGON ((113.2743093 23.4130214, 113.2749296 23.412826, 113.275179 23.4134931, 113.2745587 23.4136884, 113.2743093 23.4130214))",POINT (113.2747442 23.4132572),5231,56305.8
广州飞机维修工程有限公司 二期机库,22,469913089,,industrial,,,,"POLYGON ((113.3068498 23.4104049, 113.3068276 23.4103203, 113.3064292 23.4088052, 113.3077826 23.4085056, 113.3082031 23.4101054, 113.3068498 23.4104049))",POINT (113.3073162 23.4094553),25912.5,278919.8
广州飞机维修工程有限公司 一期机库,23,469913090,,industrial,,,,"POLYGON ((113.3076491 23.4132599, 113.3074394 23.4132844, 113.3073785 23.4130251, 113.3070551 23.4118021, 113.3071428 23.4117826, 113.3072844 23.4117511, 113.3069762 23.4105856, 113.3082431 23.4103035, 113.3089911 23.4129916, 113.307707 23.41325, 113.3076491 23.4132599))",POINT (113.3079207 23.4118564),45376.5,488427.9
中国邮政,24,469913092,,yes,post_office,,,"POLYGON ((113.3014439 23.4116139, 113.3006675 23.4084323, 113.3022352 23.4080313, 113.3031415 23.4112278, 113.3014439 23.4116139))",POINT (113.301879 23.4098452),62635.6,674202.9
新科宇航 机库,25,469913170,,industrial,,,,"POLYGON ((113.3244594 23.4062676, 113.324182 23.4053546, 113.3256375 23.4050448, 113.325786 23.4059395, 113.3244594 23.4062676))",POINT (113.3250089 23.4056466),14989.7,161347.4
新科宇航 机库,26,469913171,,hangar,,,,"POLYGON ((113.3263408 23.4088863, 113.3259907 23.4076895, 113.326725 23.4075086, 113.327075 23.4087055, 113.3263408 23.4088863))",POINT (113.3265329 23.4081975),10655.9,114699
联邦快递 FedEx,27,469913239,,yes,,,,"POLYGON ((113.3233171 23.4022564, 113.3244344 23.402002, 113.3238896 23.399987, 113.3245077 23.3998462, 113.324337 23.3992147, 113.324245 23.3992356, 113.323644 23.3993724, 113.3237158 23.3996381, 113.3226734 23.3998755, 113.3233171 23.4022564))",POINT (113.3236261 23.4007593),36869.5,396860.1
,28,469913240,,yes,,,,"POLYGON ((113.3243545 23.4030358, 113.3235499 23.4032256, 113.3233168 23.4023936, 113.3241215 23.4022038, 113.3243545 23.4030358))",POINT (113.3238357 23.4027147),8072.9,86896
,29,469913789,,yes,,,,"POLYGON ((113.2992758 23.3917492, 113.2992895 23.3916, 113.2993653 23.391609, 113.2995711 23.3916336, 113.2995848 23.391483, 113.2996032 23.3912806, 113.2993741 23.3912657, 113.2993124 23.3912617, 113.299325 23.3910988, 113.2993842 23.3911042, 113.2997062 23.3911335, 113.2998071 23.3914883, 113.2998688 23.3917051, 113.2998161 23.3917408, 113.2997108 23.3917744, 113.2995803 23.3917849, 113.2994269 23.3917702, 113.2993404 23.3917582, 113.2992758 23.3917492))",POINT (113.2995915 23.3914759),2491,26812.5
白云国际机场T2航站楼,30,469913790,,yes,,,,"POLYGON ((113.2962004 23.4040597, 113.2960582 23.4035059, 113.29717 23.4032252, 113.2972062 23.4032092, 113.297233 23.4031834, 113.2972478 23.4031514, 113.2972572 23.4031231, 113.2977601 23.4017508, 113.2977681 23.4017102, 113.2977681 23.401672, 113.2977668 23.40164, 113.297229 23.3996621, 113.2972129 23.3996203, 113.2971847 23.399587, 113.2971418 23.3995575, 113.2968481 23.3994012, 113.2968066 23.3993827, 113.296765 23.3993766, 113.2967288 23.3993766, 113.2966845 23.3993876, 113.295047 23.3997765, 113.2949209 23.3992941, 113.2966242 23.3988805, 113.296659 23.3988695, 113.2966872 23.3988522, 113.2967153 23.3988205, 113.296887 23.398531, 113.2968991 23.3984953, 113.2969018 23.3984633, 113.2968978 23.3984251, 113.2968656 23.3982774, 113.2972196 23.3981913, 113.2976219 23.3997076, 113.2976568 23.3997249, 113.2976903 23.3997286, 113.2977266 23.39972, 113.2981208 23.3995895, 113.2981651 23.3995599, 113.2981812 23.3995341, 113.2981959 23.3994836, 113.2981959 23.3994406, 113.2981906 23.3994049, 113.2980672 23.3989618, 113.3023104 23.3979944, 113.3024687 23.3984719, 113.3025143 23.3985285, 113.3025492 23.3985507, 113.3026082 23.3985655, 113.3030186 23.3985064, 113.3030507 23.3984891, 113.3030695 23.3984645, 113.3030776 23.3984202, 113.3026833 23.3969358, 113.3030105 23.3968743, 113.3030481 23.397022, 113.3030749 23.3970762, 113.3030963 23.3970934, 113.3031419 23.3971155, 113.3033967 23.3972534, 113.3034423 23.3972805, 113.3035094 23.3972977, 113.3035845 23.3972928, 113.3038205 23.3972411, 113.3046815 23.3970417, 113.3051268 23.3969481, 113.3052957 23.3969088, 113.3053413 23.3970663, 113.3054191 23.3973396, 113.3054379 23.3973912, 113.3052636 23.3974257, 113.3045099 23.3975882, 113.3037723 23.3977556, 113.3036918 23.3977679, 113.3036194 23.3978122, 113.3035523 23.3978959, 113.3034262 23.3981199, 113.3034021 23.3982061, 113.3034048 23.3982873, 113.3035738 23.3989593, 113.3037427 23.3995673, 113.3038098 23.3998701, 113.3038929 23.4001876, 113.3039144 23.4002479, 113.3039533 23.4003009, 113.3040082 23.4003538, 113.3040888 23.400424, 113.3042148 23.40052, 113.3043503 23.4006331, 113.3044294 23.4006923, 113.3045796 23.4008104, 113.3047003 23.4009114, 113.3051522 23.401299, 113.3052018 23.4013249, 113.3052635 23.401331, 113.3053212 23.4013273, 113.3057906 23.4012203, 113.306217 23.4011317, 113.306382 23.4011058, 113.3065376 23.4016868, 113.3063579 23.4017298, 113.3059878 23.4018099, 113.3056363 23.4018923, 113.3051804 23.4019871, 113.3051214 23.4019907, 113.3050677 23.4019747, 113.3048625 23.4018012, 113.3043905 23.4013803, 113.3042014 23.4012092, 113.3040364 23.4010615, 113.3038822 23.4009261, 113.3037856 23.400835, 113.3037025 23.4007637, 113.303622 23.400696, 113.3035777 23.4006689, 113.3035308 23.4006652, 113.3034799 23.4006726, 113.2984025 23.4018468, 113.2983488 23.4018603, 113.2983153 23.4018812, 113.2982885 23.4019182, 113.2982684 23.4019674, 113.297638 23.4036683, 113.2976085 23.4037101, 113.2975736 23.4037384, 113.2975361 23.403752, 113.2962004 23.4040597))",POINT (113.3006144 23.4000404),270659.8,2913354.7
机场南（1号航站楼）,31,532707560,,train_station,,,,"POLYGON ((113.2978052 23.3892258, 113.2975127 23.3881527, 113.2973445 23.3881913, 113.297637 23.3892645, 113.2978052 23.3892258))",POINT (113.2975749 23.3887086),2169.8,23355.9
1站台,32,532707562,,,,,platform,"POLYGON ((113.2973913 23.3881859, 113.2976801 23.3892477, 113.2976516 23.3892542, 113.2973628 23.3881924, 113.2973913 23.3881859))",POINT (113.2975215 23.38872),363.6,3913.4
2站台,33,532707563,,,,,platform,"POLYGON ((113.2974993 23.3881595, 113.2976442 23.3886902, 113.2977891 23.3892209, 113.2977606 23.3892274, 113.2974708 23.3881661, 113.2974993 23.3881595))",POINT (113.2976299 23.3886934),363.7,3914.4
机场北（2号航站楼）,34,532715541,,train_station,,,,"POLYGON ((113.2998884 23.3984889, 113.2998477 23.3983409, 113.2995933 23.3974161, 113.2994251 23.3974551, 113.2997202 23.3985279, 113.2998884 23.3984889))",POINT (113.2996568 23.397972),2171.4,23372.7
2站台,35,532715545,,,,,platform,"POLYGON ((113.299584 23.3974249, 113.2998764 23.3984869, 113.2998389 23.3984956, 113.2995465 23.3974336, 113.299584 23.3974249))",POINT (113.2997115 23.3979603),479.3,5158.8
1站台,36,532715546,,,,,platform,"POLYGON ((113.2994788 23.3974493, 113.2997709 23.3985111, 113.2997319 23.3985202, 113.2994398 23.3974584, 113.2994788 23.3974493))",POINT (113.2996054 23.3979847),498.5,5365.7
7号 机场禁区门,37,550216053,,yes,,,,"POLYGON ((113.3062378 23.4087019, 113.3064041 23.4086646, 113.3063681 23.4085536, 113.3063298 23.4084307, 113.306167 23.4084664, 113.3062051 23.4085931, 113.3062378 23.4087019))",POINT (113.3062846 23.4085664),465.8,5013.6
,38,550216054,,,parking,,,"POLYGON ((113.3068276 23.4103203, 113.3064292 23.4088052, 113.3062687 23.4088422, 113.3066166 23.4103643, 113.3068276 23.4103203))",POINT (113.3065439 23.4096168),3361.5,36182.5
,39,550216056,,,parking,,,"POLYGON ((113.3068954 23.4109296, 113.3070936 23.4116653, 113.3069874 23.4116929, 113.3067893 23.410954, 113.3068954 23.4109296))",POINT (113.3069415 23.411311),943.5,10155.6
,40,550216057,,,parking,,,"POLYGON ((113.3076033 23.4133168, 113.3078758 23.4143528, 113.307713 23.4143788, 113.3074334 23.413346, 113.3076033 23.4133168))",POINT (113.3076553 23.4138446),2032.4,21876.3
广州飞机维修工程有限公司 喷漆机库,41,550216061,,industrial,,,,"POLYGON ((113.3089911 23.4129916, 113.3092407 23.4139748, 113.3079941 23.4142892, 113.307707 23.41325, 113.3089911 23.4129916))",POINT (113.3084765 23.4136264),15341.2,165131
机场消防队,42,550216069,,yes,fire_station,,,"POLYGON ((113.3070928 23.4081466, 113.3075833 23.4080295, 113.307298 23.4068811, 113.3067725 23.4070052, 113.3070928 23.4081466))",POINT (113.3071849 23.4075091),6991.6,75256.7
,43,556625851,,yes,,,,"POLYGON ((113.3177879 23.3909537, 113.3178511 23.3909718, 113.3179106 23.3907969, 113.3178474 23.3907788, 113.3177879 23.3909537))",POINT (113.3178492 23.3908753),137.2,1477.1
,44,556625852,,yes,,,,"POLYGON ((113.3177943 23.3911485, 113.3179038 23.3911808, 113.3180415 23.390787, 113.3179319 23.3907547, 113.3177943 23.3911485))",POINT (113.3179179 23.3909677),538.3,5794.4
,45,604393105,,yes,parking,,,"POLYGON ((113.2971944 23.3910931, 113.2991015 23.3906697, 113.2989284 23.3899681, 113.2970024 23.390386, 113.2971944 23.3910931))",POINT (113.2980545 23.3905292),16139.4,173723.3
,46,604393106,,,parking,,,"POLYGON ((113.2995822 23.3924192, 113.3005168 23.3922526, 113.3006801 23.3924271, 113.3007656 23.3928964, 113.300786 23.3933854, 113.3007626 23.3936034, 113.3006988 23.3937566, 113.3006276 23.3938652, 113.3004865 23.3940162, 113.3001083 23.3942255, 113.2988664 23.3945283, 113.2980698 23.394708, 113.2976353 23.3946587, 113.2974154 23.3945578, 113.2972602 23.3944139, 113.2971065 23.3942213, 113.296966 23.3939377, 113.2967797 23.3933224, 113.2967822 23.3931965, 113.2968469 23.3930738, 113.2970238 23.3929897, 113.2976471 23.392791, 113.2979372 23.3938874, 113.2986567 23.3937676, 113.299012 23.3936898, 113.2998692 23.3934535, 113.2997581 23.3930531, 113.2995822 23.3924192))",POINT (113.2989095 23.3936538),54325.4,584753
广州民航职业技术学院（白云机场校区）,47,638309049,,,college,,,"POLYGON ((113.3076394 23.4148661, 113.3090809 23.4201857, 113.3069679 23.4207241, 113.305541 23.4153464, 113.3076394 23.4148661))",POINT (113.3073072 23.417787),135643.4,1460052.1
中国民航航空广东安全监督管理局,48,638309061,,yes,,,,"POLYGON ((113.2923897 23.3764924, 113.2929029 23.3783676, 113.2931932 23.3783007, 113.2926804 23.3764254, 113.2923897 23.3764924))",POINT (113.2927915 23.3773963),6551.7,70521.5
民航中南地区空中交通管理局综合楼,49,638309063,,yes,,,,"POLYGON ((113.2911392 23.3783927, 113.2914299 23.3783227, 113.2910772 23.3770902, 113.2907868 23.3771602, 113.2911392 23.3783927))",POINT (113.2911083 23.3777415),4330.6,46613.7
南航机场机组出勤保障楼,50,638309065,,no,,,,"POLYGON ((113.2902719 23.3765522, 113.2911055 23.3763592, 113.2907142 23.3749253, 113.2898656 23.3750606, 113.2902719 23.3765522))",POINT (113.2904866 23.375725),14659.9,157798
南航明珠大酒店,51,638309067,,no,,,,"POLYGON ((113.2909915 23.3759406, 113.2926528 23.3755549, 113.2920078 23.3731729, 113.2903391 23.3735518, 113.2909915 23.3759406))",POINT (113.2914972 23.3745545),47740.2,513870.4
中国南方航空股份有限公司综合办公楼,52,638309069,,no,,,,"POLYGON ((113.2901061 23.3727147, 113.2917778 23.3723238, 113.2911649 23.3700613, 113.2894907 23.3704353, 113.2901061 23.3727147))",POINT (113.2906339 23.3713842),45641.2,491277.1
机场信息大楼,53,638309073,,no,,,,"POLYGON ((113.2954198 23.3752229, 113.2961276 23.375054, 113.2959365 23.3743133, 113.2952357 23.3744497, 113.2954198 23.3752229))",POINT (113.2956779 23.3747617),6355.5,68410.2
广东省公安厅机场公安局,54,638309075,,no,police,,,"POLYGON ((113.2961739 23.3746982, 113.2962697 23.3750766, 113.2967682 23.3749703, 113.2970277 23.3749149, 113.2967413 23.3737827, 113.295983 23.3739444, 113.2960358 23.3741528, 113.2961739 23.3746982))",POINT (113.2965054 23.3744296),10235.6,110174.8
广东民航机场建设有限公司,55,638309077,,no,,,,"POLYGON ((113.2950766 23.3743707, 113.2960358 23.3741528, 113.295983 23.3739444, 113.2955729 23.3724438, 113.2946256 23.3726472, 113.2950766 23.3743707))",POINT (113.2953288 23.3734062),19633.8,211336.1
,56,684751201,,yes,,,,"POLYGON ((113.2974368 23.3646964, 113.2972383 23.3639922, 113.2968843 23.364066, 113.2970828 23.3647752, 113.2974368 23.3646964))",POINT (113.2971604 23.3643827),3001.9,32312.6
,57,776975720,,,parking,,,"POLYGON ((113.298589 23.3979624, 113.29832 23.3969518, 113.2995472 23.3966471, 113.2997825 23.3975034, 113.3001229 23.3974108, 113.2998624 23.3965507, 113.301119 23.3963, 113.3014048 23.3972874, 113.298589 23.3979624))",POINT (113.2998574 23.3971279),30897.3,332575.7
,58,864086417,,,parking,,,"POLYGON ((113.3024687 23.4134698, 113.3021468 23.4123253, 113.3018866 23.4123942, 113.302179 23.4135338, 113.3024687 23.4134698))",POINT (113.302173 23.4129399),3782.4,40713.5
,59,864086418,,,parking,,,"POLYGON ((113.309826 23.4218603, 113.3097079 23.4214173, 113.3101559 23.4213311, 113.3102658 23.4217594, 113.309826 23.4218603))",POINT (113.3099875 23.421592),2307.8,24840.4
,60,864086419,,,parking,,,"POLYGON ((113.3106065 23.4223673, 113.3105448 23.4221753, 113.3093163 23.422451, 113.3088496 23.4207454, 113.3085653 23.4208167, 113.3091393 23.4226996, 113.3106065 23.4223673))",POINT (113.3092959 23.4219293),8781.8,94526.2
,61,864086420,,,parking,,,"POLYGON ((113.3044133 23.4222098, 113.3049309 23.4221089, 113.3050543 23.4225593, 113.3053762 23.4225199, 113.3053976 23.4226233, 113.3055237 23.4225937, 113.3054352 23.4223058, 113.3052823 23.4223304, 113.3051884 23.4223181, 113.3051079 23.422259, 113.3050436 23.4221827, 113.3050007 23.4220646, 113.3049148 23.4217938, 113.3043328 23.4219169, 113.3044133 23.4222098))",POINT (113.3048995 23.422171),3620.4,38969.7
,62,864086421,,,parking,,,"POLYGON ((113.3042738 23.42362, 113.3008164 23.4244421, 113.3007118 23.424159, 113.3041799 23.4233321, 113.3042738 23.42362))",POINT (113.3024976 23.4238877),12106.3,130310.7
,63,864086422,,,parking,,,"POLYGON ((113.3024338 23.421528, 113.3023694 23.4212991, 113.302981 23.4211589, 113.3028898 23.4208143, 113.3027001 23.4200869, 113.303158 23.4199775, 113.3032089 23.4201104, 113.3030185 23.4201522, 113.3030963 23.4204229, 113.303268 23.4203836, 113.3034718 23.4211909, 113.3031231 23.4212795, 113.3031419 23.4213681, 113.3024338 23.421528))",POINT (113.3030029 23.4208236),7939.4,85458.7
,64,864086423,,,parking,,,"POLYGON ((113.3028898 23.4208143, 113.3026215 23.420866, 113.3025077 23.4204627, 113.3023104 23.4197633, 113.3025786 23.4196846, 113.3026805 23.4200119, 113.3027001 23.4200869, 113.3028898 23.4208143))",POINT (113.3026023 23.4202773),3691.1,39730.8
,65,864086424,,,parking,,,"POLYGON ((113.3010256 23.4165661, 113.3016881 23.416416, 113.3016023 23.4161502, 113.3009398 23.4162954, 113.3010256 23.4165661))",POINT (113.301313 23.4163572),2153.3,23177.7
,66,864086425,,,parking,,,"POLYGON ((113.3006394 23.4133886, 113.300811 23.4133516, 113.3005294 23.4122933, 113.3003309 23.4123351, 113.3006394 23.4133886))",POINT (113.3005741 23.4128295),2341.5,25203.5
,67,864086426,,,parking,,,"POLYGON ((113.300854 23.4121407, 113.3006769 23.4115155, 113.3001673 23.4116188, 113.3003309 23.4122785, 113.300854 23.4121407))",POINT (113.3005059 23.411891),3984.3,42886.7
,68,864086427,,,parking,,,"POLYGON ((113.300626 23.411193, 113.3000386 23.4113358, 113.2998857 23.410841, 113.3005133 23.4106884, 113.300626 23.411193))",POINT (113.3002652 23.4110118),3655.4,39346.3
,69,864086428,,,parking,,,"POLYGON ((113.3070284 23.413743, 113.3069667 23.4135535, 113.3062747 23.4137036, 113.3063337 23.413903, 113.3070284 23.413743))",POINT (113.3066483 23.4137265),1630.7,17553
,70,864086429,,,parking,,,"POLYGON ((113.3045286 23.410921, 113.3049323 23.4108447, 113.3050208 23.4105986, 113.3048357 23.4099192, 113.304542 23.4099697, 113.3044991 23.4098146, 113.3042349 23.4098466, 113.3045286 23.410921))",POINT (113.3046472 23.410367),6229.6,67054.6
,71,864086430,,,parking,,,"POLYGON ((113.3066583 23.4113136, 113.3067012 23.4112619, 113.3067119 23.4112041, 113.3065885 23.4106614, 113.3065322 23.410633, 113.3057114 23.4108213, 113.3058643 23.4114195, 113.3059032 23.4114675, 113.3063407 23.4113783, 113.3066583 23.4113136))",POINT (113.3062252 23.4110511),6758.2,72744.4
,72,864086431,,,parking,,,"POLYGON ((113.3059502 23.4105555, 113.3064759 23.4104546, 113.3061862 23.4094011, 113.3061312 23.4094713, 113.3060266 23.4096042, 113.3059072 23.4096596, 113.3060092 23.4100878, 113.3058912 23.4101112, 113.3059569 23.4103426, 113.3058925 23.4103561, 113.3059502 23.4105555))",POINT (113.3061521 23.4100743),4567.3,49161.9
,73,864136190,,,parking,,,"POLYGON ((113.2950054 23.3851254, 113.2956317 23.3851304, 113.2956304 23.3849408, 113.2956679 23.3848719, 113.2956827 23.3847709, 113.2956035 23.3833676, 113.2955512 23.3831867, 113.2954667 23.3830057, 113.2952924 23.3827743, 113.2951449 23.3826094, 113.2949169 23.3826291, 113.2949638 23.3832187, 113.2948059 23.383223, 113.2949307 23.3843716, 113.2949746 23.3847751, 113.2950054 23.3851254))",POINT (113.2952573 23.3839534),18811.4,202484.1
,74,864136191,,,parking,,,"POLYGON ((113.2974381 23.3920801, 113.297233 23.3915533, 113.2969366 23.3916148, 113.2969058 23.391701, 113.2970305 23.3921761, 113.2974381 23.3920801))",POINT (113.297151 23.3918685),2443.1,26297.3
,75,864136192,,,parking,,,"POLYGON ((113.2983005 23.3924457, 113.2984748 23.3924063, 113.2983971 23.3920862, 113.298212 23.3921232, 113.2983005 23.3924457))",POINT (113.2983455 23.392264),689,7416.9
,76,864136193,,,parking,,,"POLYGON ((113.2959992 23.3947314, 113.2965463 23.3946046, 113.2963787 23.3939559, 113.2958168 23.3940999, 113.2959992 23.3947314))",POINT (113.2961857 23.394346),4283.1,46102.6
,77,864538567,,,parking,,,"POLYGON ((113.3247229 23.4027354, 113.3251038 23.4026664, 113.3249134 23.4019895, 113.3245325 23.4020535, 113.3247229 23.4027354))",POINT (113.324818 23.4023614),3070.4,33049.6
,78,864538568,,,parking,,,"POLYGON ((113.3250073 23.3989211, 113.3248088 23.3982257, 113.3247296 23.3982466, 113.3247001 23.3981482, 113.3244722 23.3981986, 113.3245191 23.3983463, 113.3242482 23.3984128, 113.3243997 23.399011, 113.3244467 23.3990245, 113.3245084 23.399027, 113.3245674 23.3990184, 113.3250073 23.3989211))",POINT (113.3246244 23.3986271),4954.5,53330.1
,79,864538569,,,parking,,,"POLYGON ((113.3003631 23.4166597, 113.3002907 23.4164431, 113.2997355 23.4165834, 113.2997999 23.4167926, 113.3003631 23.4166597))",POINT (113.3000493 23.4166194),1452.2,15631.2
,80,864538570,,,parking,,,"POLYGON ((113.3023614 23.4142377, 113.3025303 23.4141984, 113.3023909 23.4136372, 113.3022085 23.4136864, 113.3023614 23.4142377))",POINT (113.3023719 23.4139359),1178.2,12682.4
,81,864538571,,,parking,,,"POLYGON ((113.2973886 23.3953431, 113.2986546 23.3950452, 113.2989013 23.3951634, 113.2989711 23.3952249, 113.2990193 23.3953111, 113.2992929 23.3963438, 113.2992835 23.3965382, 113.2981181 23.3968152, 113.2980591 23.3967832, 113.2980296 23.3967438, 113.297925 23.3962441, 113.2978901 23.3961604, 113.2978338 23.3960619, 113.2973886 23.3953431))",POINT (113.2984423 23.3958972),24602.2,264815.9
,82,864538572,,,parking,,,"POLYGON ((113.3012576 23.3960188, 113.301149 23.3955917, 113.3011222 23.3944741, 113.2998937 23.3947424, 113.2997569 23.3948483, 113.2996738 23.3950157, 113.2996738 23.3951634, 113.2997033 23.3953062, 113.299824 23.3957, 113.300685 23.3954859, 113.3008862 23.3961678, 113.3012013 23.3961062, 113.3012362 23.3960915, 113.3012603 23.396057, 113.3012576 23.3960188))",POINT (113.300533 23.3952145),17995.4,193700.3
,83,864538573,,,parking,,,"POLYGON ((113.3251762 23.399715, 113.3250059 23.3990861, 113.3249603 23.3990959, 113.3249389 23.3990442, 113.3244641 23.3991402, 113.3244815 23.3992116, 113.3244775 23.3993138, 113.3245057 23.3994553, 113.3245526 23.3996325, 113.3246331 23.3998405, 113.3246706 23.3998356, 113.3246841 23.3998935, 113.3251333 23.3997975, 113.3251213 23.3997347, 113.3251762 23.399715))",POINT (113.3248119 23.3994663),4903.7,52782.9
,84,864538574,,,parking,,,"POLYGON ((113.3022916 23.417211, 113.3020583 23.4163422, 113.3022702 23.4162954, 113.3022353 23.41616, 113.3017901 23.4162437, 113.3020717 23.4172602, 113.3022916 23.417211))",POINT (113.3020542 23.4166712),3076.6,33116.1
,85,864538575,,,parking,,,"POLYGON ((113.2989737 23.3919988, 113.2993801 23.3918868, 113.29936 23.3918068, 113.2989416 23.3919139, 113.2989737 23.3919988))",POINT (113.2991607 23.3919022),417,4488.4
广东省领才技工学校(白云校区),86,871803799,,,school,,,"POLYGON ((113.2993808 23.3607368, 113.3005671 23.3599621, 113.3009161 23.3600443, 113.3004141 23.3612098, 113.3007081 23.3616791, 113.3007799 23.361772, 113.3007532 23.3618332, 113.3006353 23.3619295, 113.2997064 23.3624881, 113.2993808 23.3607368))",POINT (113.3001038 23.3611849),24861.5,267606.6
白云机场北,87,901492890,,train_station,,,,"POLYGON ((113.3008741 23.398271, 113.3006868 23.3983127, 113.3006489 23.3981692, 113.3002579 23.3966888, 113.3004456 23.3966471, 113.3007905 23.397954, 113.3008741 23.398271))",POINT (113.300566 23.3974796),3646.9,39254.5
2站台/清城方向/下站：花山镇,88,901492891,,,,,platform,"POLYGON ((113.3003019 23.3966849, 113.30035 23.396674, 113.3007769 23.3982751, 113.3007292 23.3982858, 113.3003019 23.3966849))",POINT (113.3005392 23.3974788),919.7,9899
1站台/落客站台,89,901492892,,,,,platform,"POLYGON ((113.30035 23.396674, 113.300405 23.3966615, 113.300832 23.3982629, 113.3007769 23.3982751, 113.30035 23.396674))",POINT (113.300591 23.3974684),1056.8,11374.9
,90,918347142,,,,pitch,,"POLYGON ((113.3046808 23.3616425, 113.3047946 23.3620119, 113.30498 23.3618455, 113.3049386 23.3615812, 113.3047898 23.3615812, 113.3046808 23.3616425))",POINT (113.3048379 23.36176),946,10182.9
,91,918347143,,yes,,,,"POLYGON ((113.3048337 23.3621202, 113.3048727 23.3621769, 113.3049532 23.3621306, 113.3049077 23.3620776, 113.3048337 23.3621202))",POINT (113.3048921 23.3621267),69.2,744.8
,92,918347144,,yes,,,,"POLYGON ((113.3048825 23.3621888, 113.3049442 23.362271, 113.305015 23.3622277, 113.3049768 23.3621441, 113.3048825 23.3621888))",POINT (113.304953 23.3622067),102.3,1101.1
,93,918347145,,,waste_transfer_station,,,"POLYGON ((113.3048888 23.3611382, 113.3048888 23.3610598, 113.3049975 23.3610598, 113.3049975 23.3611382, 113.3048888 23.3611382))",POINT (113.3049431 23.361099),96.4,1037.9
,94,918347149,,,parking,,,"POLYGON ((113.30452 23.3616826, 113.3040671 23.3624415, 113.3041841 23.3625714, 113.3044332 23.3623202, 113.3046804 23.3621123, 113.3047786 23.3620205, 113.3047352 23.3618871, 113.3046993 23.3617849, 113.30452 23.3616826))",POINT (113.3044391 23.3621095),2917,31398.7
中国航油,95,923422134,,,fuel,,,"POLYGON ((113.3091109 23.4187148, 113.3090517 23.4184931, 113.3091823 23.4184648, 113.3092464 23.4186865, 113.3091109 23.4187148))",POINT (113.3091481 23.4185904),353.3,3803.4
,96,930658186,,,,track,,"POLYGON ((113.274626 23.4153207, 113.2745415 23.4152297, 113.2744879 23.4151201, 113.2744959 23.4149811, 113.274579 23.4148629, 113.2746622 23.4147989, 113.2754052 23.4147558, 113.275546 23.4148174, 113.2756291 23.4149392, 113.2756425 23.4150807, 113.2755701 23.4152432, 113.2754387 23.4153244, 113.2749251 23.4153749, 113.2747199 23.4153749, 113.274626 23.4153207))",POINT (113.2750643 23.4150639),6745.6,72609.3
,97,930658187,,,,pitch,,"POLYGON ((113.2767633 23.4148619, 113.2769852 23.414843, 113.2769541 23.4145357, 113.2767322 23.4145546, 113.2767633 23.4148619))",POINT (113.2768587 23.4146988),777.9,8373.2
,98,930658188,,,,pitch,,"POLYGON ((113.2767322 23.4145546, 113.2769541 23.4145357, 113.2769223 23.4142218, 113.2767004 23.4142407, 113.2767322 23.4145546))",POINT (113.2768273 23.4143882),794.6,8553.1
,99,930658189,,,,pitch,,"POLYGON ((113.2765246 23.4145723, 113.2767322 23.4145546, 113.2767004 23.4142407, 113.2764928 23.4142584, 113.2765246 23.4145723))",POINT (113.2766125 23.4144065),743.4,8002
,100,930658190,,,,pitch,,"POLYGON ((113.2765557 23.4148796, 113.2767633 23.4148619, 113.2767322 23.4145546, 113.2765246 23.4145723, 113.2765557 23.4148796))",POINT (113.2766439 23.4147171),727.8,7833.7
,101,930658191,,yes,,,,"POLYGON ((113.2745469 23.4121923, 113.274862 23.4120705, 113.2750538 23.4120447, 113.2754306 23.4120533, 113.2754561 23.4118108, 113.2750189 23.4117825, 113.2748245 23.4118194, 113.274402 23.4119782, 113.2745469 23.4121923))",POINT (113.2749502 23.4119567),2849,30666.7
,102,930658192,,yes,,,,"POLYGON ((113.2737234 23.4113038, 113.2742585 23.4113161, 113.274265 23.4110778, 113.2737299 23.4110654, 113.2737234 23.4113038))",POINT (113.2739942 23.4111908),1443.5,15537.4
,103,930658193,,,,pitch,,"POLYGON ((113.274355 23.4113376, 113.2749982 23.4113462, 113.2750036 23.4110035, 113.2743604 23.410995, 113.274355 23.4113376))",POINT (113.2746793 23.4111706),2493.3,26837.6
,104,930658194,,,,pitch,,"POLYGON ((113.2759431 23.4123554, 113.2760586 23.412206, 113.2757511 23.4120057, 113.2756355 23.4121552, 113.2759431 23.4123554))",POINT (113.2758471 23.4121806),781.6,8412.9
,105,930677460,,yes,,,,"POLYGON ((113.2783006 23.410921, 113.2785581 23.4108915, 113.2785369 23.4107355, 113.2782794 23.410765, 113.2783006 23.410921))",POINT (113.2784187 23.4108283),461.4,4966.7
,106,930677461,,yes,,,,"POLYGON ((113.2774262 23.4111758, 113.2777454 23.4110909, 113.2776962 23.410935, 113.277377 23.41102, 113.2774262 23.4111758))",POINT (113.2775612 23.4110554),609.9,6565.4
,107,930678447,,yes,,,,"POLYGON ((113.2762501 23.4078898, 113.2765143 23.4077981, 113.2764534 23.4076504, 113.2761892 23.4077421, 113.2762501 23.4078898))",POINT (113.2763517 23.4077701),504.5,5430.9
,108,930678448,,yes,,,,"POLYGON ((113.2771043 23.4077495, 113.2773753 23.4076245, 113.2772977 23.4074829, 113.2770268 23.4076078, 113.2771043 23.4077495))",POINT (113.277201 23.4076162),543.7,5852.5
白云机场南站（建设中）,109,1052885603,,construction,,,,"POLYGON ((113.2972596 23.3845044, 113.2975178 23.3843939, 113.2987139 23.3867493, 113.2984551 23.38686, 113.2972596 23.3845044))",POINT (113.2979868 23.3856273),8384.5,90249.6
22号线机场北站（建设中）,110,1057518946,,train_station,,,,"POLYGON ((113.297306 23.3972386, 113.2971289 23.3972794, 113.2971218 23.397281, 113.2975762 23.3989374, 113.29776 23.3988948, 113.2977042 23.3986913, 113.297306 23.3972386))",POINT (113.2974409 23.3980877),3665.5,39455.3
,111,1089348589,,hangar,,,,"POLYGON ((113.3090565 23.4180546, 113.3082019 23.4148734, 113.3093841 23.4146061, 113.3102381 23.4177874, 113.3090565 23.4180546))",POINT (113.3092201 23.4163302),45107.6,485534
顺丰速运 华南航空枢纽(广州),112,1089348590,,yes,post_office,,,"POLYGON ((113.3113185 23.419844, 113.3107099 23.4176003, 113.3125921 23.4171704, 113.3132006 23.4194142, 113.3113185 23.419844))",POINT (113.3119553 23.4185072),50721.5,545961.2
,113,1089986843,,farm_auxiliary,,,,"POLYGON ((113.3124029 23.4248545, 113.3130493 23.4247053, 113.313029 23.4252724, 113.3123704 23.4252574, 113.3124029 23.4248545))",POINT (113.3127315 23.4250218),3559,38308.6
,114,1089986844,,farm_auxiliary,,,,"POLYGON ((113.3123704 23.4253022, 113.3130168 23.4253134, 113.3129924 23.4261938, 113.3123338 23.4261751, 113.3123704 23.4253022))",POINT (113.3126787 23.4257475),6474.3,69688.6
,115,1089986845,,farm_auxiliary,,,,"POLYGON ((113.31309 23.4248247, 113.313647 23.424862, 113.3136266 23.425291, 113.3130534 23.4252873, 113.31309 23.4248247))",POINT (113.3133506 23.425067),2855.7,30738.5
,116,1089986846,,farm_auxiliary,,,,"POLYGON ((113.3130493 23.4255521, 113.3136226 23.4255782, 113.3135982 23.4260781, 113.313029 23.4260557, 113.3130493 23.4255521))",POINT (113.3133245 23.4258157),3247.7,34957.7
,117,1089986847,,farm_auxiliary,,,,"POLYGON ((113.3136754 23.425347, 113.3142893 23.4253582, 113.3142609 23.4257498, 113.3136551 23.4257349, 113.3136754 23.425347))",POINT (113.3139707 23.4255471),2691.7,28973.4
,118,1089986848,,farm_auxiliary,,,,"POLYGON ((113.3136998 23.4248732, 113.3143056 23.4248993, 113.3142934 23.4252835, 113.3136714 23.4252835, 113.3136998 23.4248732))",POINT (113.3139891 23.4250856),2761.1,29719.7
,119,1089986849,,farm_auxiliary,,,,"POLYGON ((113.3136958 23.424586, 113.3143096 23.4244703, 113.3142893 23.4247986, 113.3136876 23.4247874, 113.3136958 23.424586))",POINT (113.3140198 23.4246583),1812,19504
,120,1089986850,,farm_auxiliary,,,,"POLYGON ((113.3143706 23.4245337, 113.3147528 23.4251754, 113.3146552 23.4253358, 113.3144641 23.4253395, 113.31433 23.4252724, 113.3143706 23.4245337))",POINT (113.314499 23.4250462),2149.1,23132.6
,121,1089986851,,farm_auxiliary,,,,"POLYGON ((113.3117403 23.425429, 113.3123298 23.4254365, 113.3123054 23.4258804, 113.3118338 23.4258916, 113.3118256 23.4257648, 113.3117403 23.4257648, 113.3117403 23.425429))",POINT (113.3120378 23.4256505),2836.7,30533.9
