name,node_id,osm_node_id,osm_highway,zone_id,ctrl_type,node_type,activity_type,is_boundary,x_coord,y_coord,intersection_id,poi_id,notes
,2,,,2,,,rail,1,139.7675854,35.68423,,,boundary node created by osm2gmns
,3,7093763089,,,,,rail,0,139.765941,35.6824473,,,
|京,4,1847905894,,,,,rail,0,139.765672,35.6820836,,,
,6,2743158895,crossing,,,,secondary,0,139.7690406,35.6802017,,,
,7,1136641976,,,,,secondary,0,139.7686958,35.6796582,,,
,8,,,8,,,motorway,1,139.7678135,35.6785,,,boundary node created by osm2gmns
八重洲出入口,9,6397091336,motorway_junction,,,,motorway,0,139.768652,35.6798205,,,
,10,4356746286,,,,,motorway,0,139.7690011,35.6804052,,,
|京,11,3589537646,,,,,rail,0,139.7672325,35.6810889,,,
,12,2149761675,,,,,rail,0,139.7680869,35.6839944,,,
,13,393085235,,,,,rail,0,139.7674147,35.6829041,,,
,14,,,14,,,rail,-1,139.7657866,35.6785,,,boundary node created by osm2gmns
,15,2149761671,,,,,rail,0,139.7677266,35.6833031,,,
|京,16,3589537648,,,,,rail,0,139.7670127,35.6811486,,,
,17,,,17,,,rail,1,139.7659963,35.6785,,,boundary node created by osm2gmns
,18,2027328748,,,,,rail,0,139.7660821,35.6786905,,,
,19,2027328803,,19,,,rail,-1,139.7661235,35.6787825,,,
,20,,,20,,,rail,1,139.7659407,35.6785,,,boundary node created by osm2gmns
,21,2027328913,,,,,rail,0,139.7661633,35.6790622,,,
|京,22,3589537644,,,,,rail,0,139.7674402,35.6810367,,,
,23,2025904207,,,,,rail,0,139.7681656,35.6839757,,,
,24,,,24,,,tertiary,1,139.7690143,35.6785,,,boundary node created by osm2gmns
,25,2743158944,crossing,,,,tertiary,0,139.7682753,35.6788013,,,
,26,499185723,,,,,tertiary,0,139.7681897,35.6788362,,,
,27,,,27,,,motorway,1,139.76935,35.6808266,,,boundary node created by osm2gmns
八重洲出入口,28,6538495149,motorway_junction,,,,motorway,0,139.7691588,35.6805111,,,
,29,4356746285,,,,,motorway,0,139.7690731,35.6803697,,,
,30,,,30,,,secondary,2,139.76541,35.6827922,,,boundary node created by osm2gmns
,31,6397221591,crossing,,,,secondary,0,139.7657154,35.6827185,,,
,32,8869066680,,,,,secondary,0,139.7657718,35.6827055,,,
,33,,,33,,,service,1,139.76935,35.6834173,,,boundary node created by osm2gmns
,34,6535339340,,,,,service,0,139.7693029,35.6833838,,,
,35,5799389398,,,,,service,0,139.7692189,35.6837448,,,
,36,5799389423,,,,,service,0,139.7692743,35.6837312,,,
,37,,,37,,,service,-1,139.76935,35.6837402,,,boundary node created by osm2gmns
,38,,,38,,,secondary,1,139.76935,35.6801331,,,boundary node created by osm2gmns
,39,2743158851,crossing,,,,secondary,0,139.7691691,35.6801164,,,
,40,1557453176,,,,,rail,0,139.7665618,35.6785149,,,
,41,1557454024,,41,,,rail,-1,139.768212,35.6834485,,,
,42,,,42,,,rail,1,139.766552,35.6785,,,boundary node created by osm2gmns
,43,,,43,,,rail,1,139.7666474,35.6785,,,boundary node created by osm2gmns
,44,1557454002,,44,,,rail,-1,139.7686221,35.6828817,,,
,45,1557453967,,45,,,rail,1,139.7689753,35.6827893,,,
,46,,,46,,,rail,-1,139.7668127,35.6785,,,boundary node created by osm2gmns
,47,1557453988,,47,,,rail,1,139.7687789,35.6828378,,,
,48,,,48,,,rail,-1,139.7667098,35.6785,,,boundary node created by osm2gmns
,49,1557454036,,49,,,rail,-1,139.768152,35.6834555,,,
,50,1557453974,,50,,,rail,1,139.768824,35.6828247,,,
,51,,,51,,,rail,-1,139.7667676,35.6785,,,boundary node created by osm2gmns
,52,1593263122,,,,,rail,0,139.7669815,35.6825314,,,
,53,2211570949,,,,,rail,0,139.7675067,35.6835496,,,
,54,1593263448,,,,,rail,0,139.7677571,35.6840761,,,
,55,2027328854,,,,,rail,0,139.7672097,35.6826518,,,
,56,2027328874,,,,,rail,0,139.7673354,35.6830376,,,
,57,2027328813,,,,,rail,0,139.7662686,35.6794217,,,
,58,3547330626,,,,,rail,0,139.7663237,35.6796936,,,
,59,2027328937,,,,,rail,0,139.7662367,35.6792328,,,
,60,2213844034,,,,,rail,0,139.766187,35.679038,,,
,61,,,61,,,rail,-1,139.7660252,35.6785,,,boundary node created by osm2gmns
,62,2027328849,,,,,rail,0,139.7665249,35.679572,,,
,63,2027370954,,,,,rail,0,139.7664691,35.6793863,,,
,64,,,64,,,rail,-1,139.7661385,35.6785,,,boundary node created by osm2gmns
,65,2027328800,,,,,rail,0,139.7661402,35.6786981,,,
,66,,,66,,,rail,-1,139.7660805,35.6785,,,boundary node created by osm2gmns
,67,2027370963,,67,,,rail,1,139.7666031,35.6795824,,,
,68,2027370956,,,,,rail,0,139.7663779,35.6790028,,,
,69,,,69,,,rail,-1,139.7661865,35.6785,,,boundary node created by osm2gmns
,70,2027328829,,,,,rail,0,139.7662551,35.6790744,,,
,71,3687636887,,,,,rail,0,139.7663127,35.6791735,,,
,72,2027370948,,,,,rail,0,139.7664108,35.6793424,,,
,73,2027328831,,,,,rail,0,139.7663623,35.6793384,,,
,74,2027328768,,,,,rail,0,139.7662627,35.6790075,,,
,75,,,75,,,secondary,1,139.76935,35.6807159,,,boundary node created by osm2gmns
,76,2743158838,crossing,,,,secondary,0,139.7692398,35.680533,,,
,77,2089755145,,,,,secondary,0,139.7685633,35.6794419,,,
,78,2743158923,crossing,,,,secondary,0,139.7680087,35.6785599,,,
,79,,,79,,,secondary,-1,139.7679694,35.6785,,,boundary node created by osm2gmns
,80,574331737,,,,,secondary,0,139.7680176,35.6789049,,,
,82,,,82,,,secondary,1,139.76935,35.6801812,,,boundary node created by osm2gmns
,83,2743158889,crossing,,,,secondary,0,139.7692237,35.6802349,,,
,84,,,84,,,secondary,1,139.7683749,35.68423,,,boundary node created by osm2gmns
,85,3961265816,traffic_signals,,signal,,secondary,0,139.7682935,35.6841296,,,
,86,,,86,,,rail,1,139.7656628,35.6785,,,boundary node created by osm2gmns
,87,,,87,,,rail,1,139.7656988,35.6785,,,boundary node created by osm2gmns
,88,2211570943,,,,,rail,0,139.7674415,35.6832595,,,
,89,1593263435,,,,,rail,0,139.767799,35.6840666,,,
,90,,,90,,,rail,1,139.768198,35.68423,,,boundary node created by osm2gmns
,91,265036772,,,,,rail,0,139.7681143,35.6839916,,,
,92,,,92,,,rail,1,139.76541,35.6818058,,,boundary node created by osm2gmns
,93,7093763092,,,,,rail,0,139.7654113,35.6818076,,,
|京,94,7093706976,,,,,rail,0,139.7656325,35.6820995,,,
,95,2211570901,,95,,,rail,1,139.7670244,35.6825193,,,
,96,2211570955,,,,,rail,0,139.7672859,35.6830291,,,
,97,,,97,,,rail,1,139.767907,35.68423,,,boundary node created by osm2gmns
,98,1593263424,,,,,rail,0,139.7678405,35.6840553,,,
,99,2211570982,,,,,rail,0,139.7670636,35.6828044,,,
,100,6018792794,,,,,rail,0,139.7671649,35.6830352,,,
,101,1593263260,,,,,rail,0,139.7672662,35.683266,,,
,102,2211570927,,,,,rail,0,139.7674833,35.6832209,,,
,103,,,103,,,rail,-1,139.7657457,35.6785,,,boundary node created by osm2gmns
,104,,,104,,,rail,-1,139.7678189,35.68423,,,boundary node created by osm2gmns
,105,2211570899,,,,,rail,0,139.7670304,35.6828251,,,
,106,2211570898,,,,,rail,0,139.7673039,35.6832559,,,
,107,2211570956,,107,,,rail,1,139.7671612,35.6824147,,,
,108,2211570930,,,,,rail,0,139.7673709,35.6829019,,,
,109,2211570933,,,,,rail,0,139.7675326,35.6831834,,,
,110,1593263413,,,,,rail,0,139.7678798,35.6840453,,,
,111,,,111,,,rail,1,139.7679479,35.68423,,,boundary node created by osm2gmns
,112,,,112,,,rail,-1,139.7678605,35.68423,,,boundary node created by osm2gmns
,113,2027328798,,,,,rail,0,139.7663218,35.6794212,,,
,114,,,114,,,secondary,1,139.76541,35.6801129,,,boundary node created by osm2gmns
,115,3677320542,crossing,,,,secondary,0,139.7656068,35.6789614,,,
,116,,,116,,,secondary,-1,139.7654498,35.6785,,,boundary node created by osm2gmns
,117,6538495131,,,,,service,0,139.7679573,35.6789279,,,
,118,2629159566,,,,,service,0,139.7680248,35.6792458,,,
,119,3558103118,crossing,,,,service,0,139.7681049,35.6796278,,,
,120,2091867920,,,,,service,0,139.7683633,35.6800984,,,
,121,2743158855,crossing,,,,secondary,0,139.769082,35.6805993,,,
,122,3558103128,,,,,secondary,0,139.7691518,35.6807095,,,
,123,,,123,,,footway,1,139.76935,35.6838091,,,boundary node created by osm2gmns
,124,3861609306,,,,,footway,0,139.7689145,35.6839133,,,
,125,6535339351,,,,,footway,0,139.7688241,35.6839343,,,
,126,2743107801,,,,,footway,0,139.7684352,35.6840209,,,
,127,2392361063,crossing,,,,footway,0,139.7684592,35.6840952,,,
,128,2392361018,crossing,,,,footway,0,139.7685018,35.684225,,,
,129,,,129,,,footway,-1,139.7685033,35.68423,,,boundary node created by osm2gmns
,130,6244220938,,,,,footway,0,139.768658,35.6807452,,,
,131,6397151227,,,,,footway,0,139.7686889,35.6808107,,,
,132,8644209147,,,,,footway,0,139.7687526,35.6809461,,,
,133,6244220940,,,,,footway,0,139.769224,35.6812416,,,
,134,,,134,,,footway,-1,139.76935,35.6813325,,,boundary node created by osm2gmns
,135,2743158877,,,,,footway,0,139.7680953,35.6785222,,,
,136,2743158937,crossing,,,,footway,0,139.7678433,35.6786319,,,
,137,2743158948,,,,,footway,0,139.7677554,35.6786701,,,
,138,,,138,,,footway,1,139.76935,35.6804885,,,boundary node created by osm2gmns
,139,6397158024,,,,,footway,0,139.7693075,35.6805074,,,
,140,,,140,,,footway,1,139.76935,35.68044,,,boundary node created by osm2gmns
,141,6397102747,,,,,footway,0,139.7693457,35.6804323,,,
,142,,,142,,,service,1,139.76935,35.6802447,,,boundary node created by osm2gmns
,143,2743194525,,,,,service,0,139.7691672,35.6803211,,,
,144,2743194509,,,,,service,0,139.7691806,35.6803458,,,
,145,,,145,,,service,-1,139.76935,35.680275,,,boundary node created by osm2gmns
,146,3547330750,,,,,rail,0,139.767908,35.6839226,,,
,147,3665768658,,,,,rail,0,139.7679481,35.6840262,,,
,148,,,148,,,secondary,1,139.7676695,35.68423,,,boundary node created by osm2gmns
,149,2392361030,crossing,,,,secondary,0,139.767634,35.6841456,,,
,150,5386873817,crossing,,,,secondary,0,139.766187,35.6826205,,,
,152,,,152,,,trunk,1,139.7684769,35.68423,,,boundary node created by osm2gmns
,153,,,153,,,trunk,-1,139.76935,35.6840373,,,boundary node created by osm2gmns
,155,5295049568,crossing,,,,secondary,0,139.766103,35.6827425,,,
,156,2392361038,crossing,,,,secondary,0,139.7675004,35.6841823,,,
,157,,,157,,,secondary,-1,139.7675239,35.68423,,,boundary node created by osm2gmns
,158,5295049544,,,,,footway,0,139.7656742,35.681049,,,
,159,5318632606,,,,,footway,0,139.7656237,35.6811152,,,
,160,,,160,,,footway,-1,139.76541,35.6811629,,,boundary node created by osm2gmns
,161,,,161,,,footway,1,139.76541,35.682906,,,boundary node created by osm2gmns
,162,2912892015,,,,,footway,0,139.7657602,35.6828255,,,
,163,5295049565,,,,,footway,0,139.7660623,35.6828074,,,
,164,7600432434,,,,,footway,0,139.7670682,35.6836139,,,
,165,2912891567,,,,,footway,0,139.7673716,35.6842189,,,
,166,3426416169,,,,,service,0,139.7681853,35.6794968,,,
,167,3426416170,,,,,service,0,139.7682706,35.6796256,,,
,168,2629159577,,,,,service,0,139.7683677,35.6797752,,,
,169,7411405984,,,,,service,0,139.7683648,35.6801577,,,
,170,2091867925,,,,,service,0,139.7685374,35.6804764,,,
,171,,,171,,,service,2,139.76541,35.6809944,,,boundary node created by osm2gmns
,172,3492934785,,,,,service,0,139.765516,35.6809073,,,
,173,,,173,,,service,1,139.76541,35.6808735,,,boundary node created by osm2gmns
,174,3492934792,,174,,,service,-1,139.7654297,35.6809504,,,
,175,2912891568,,,,,footway,0,139.7658505,35.6817854,,,
,176,,,176,,,footway,-1,139.76541,35.6818837,,,boundary node created by osm2gmns
,177,,,177,,,service,1,139.76541,35.6810739,,,boundary node created by osm2gmns
,178,,,178,,,service,-1,139.76541,35.6807782,,,boundary node created by osm2gmns
|京,179,3589537647,,,,,rail,0,139.7671827,35.6811274,,,
|京,180,3589537650,,,,,rail,0,139.7668137,35.6811981,,,
,181,2027328870,,,,,rail,0,139.7676676,35.6833203,,,
,182,3547330747,,,,,rail,0,139.7677801,35.6836022,,,
,183,3547330748,,,,,rail,0,139.7678332,35.6836052,,,
,184,3547330749,,,,,rail,0,139.7678628,35.6837573,,,
,185,393092342,,,,,rail,0,139.767494,35.682782,,,
,186,393092341,,,,,rail,0,139.7663933,35.6796783,,,
|京,187,3589537649,,,,,rail,0,139.7669506,35.6811664,,,
,188,3555302998,,188,,,platform_edge,1,139.7659918,35.6803895,,,
,189,3555302844,,189,,,platform_edge,-1,139.766843,35.6824896,,,
,190,3555302843,,190,,,platform_edge,1,139.7668896,35.682477,,,
,191,3555302997,,191,,,platform_edge,-1,139.7660601,35.6803781,,,
,192,3555302392,,192,,,platform_edge,1,139.7661203,35.6803363,,,
,193,3555302837,,193,,,platform_edge,-1,139.7668963,35.6823313,,,
,194,3555302833,,194,,,platform_edge,1,139.767137,35.6822707,,,
,195,3555302384,,195,,,platform_edge,-1,139.7663706,35.6802826,,,
,196,3555300512,,196,,,platform_edge,1,139.7666718,35.6794987,,,
,197,3555303038,,197,,,platform_edge,-1,139.7677665,35.6830724,,,
,198,3555303037,,198,,,platform_edge,1,139.7678497,35.6830556,,,
,199,3555300510,,199,,,platform_edge,-1,139.7667598,35.6794804,,,
,200,3555303036,,200,,,platform_edge,1,139.7679351,35.6830043,,,
,201,3555300511,,201,,,platform_edge,-1,139.7668793,35.6794953,,,
,202,3555300509,,202,,,platform_edge,1,139.7669306,35.6794803,,,
,203,3555303035,,203,,,platform_edge,-1,139.7679992,35.6829957,,,
,204,3555302849,,204,,,platform_edge,1,139.7676069,35.6827623,,,
,205,3555301684,,205,,,platform_edge,-1,139.7666757,35.6799129,,,
,206,3555302850,,206,,,platform_edge,1,139.7675554,35.6827688,,,
,207,3555301688,,207,,,platform_edge,-1,139.7665911,35.6799368,,,
,208,3555301692,,208,,,platform_edge,1,139.7664045,35.6799612,,,
,209,3555302854,,209,,,platform_edge,-1,139.7674362,35.6828002,,,
,210,3555301689,,210,,,platform_edge,1,139.7664689,35.6799431,,,
,211,3555302853,,211,,,platform_edge,-1,139.7674747,35.6827916,,,
,212,3555302834,,212,,,platform_edge,1,139.7670592,35.6822897,,,
,213,3555302386,,213,,,platform_edge,-1,139.7662875,35.6803001,,,
,214,3555302391,,214,,,platform_edge,1,139.7661744,35.6803215,,,
,215,3555302836,,215,,,platform_edge,-1,139.7669418,35.682318,,,
,216,8303274811,,,,,service,0,139.7690366,35.6807601,,,
,217,8303274816,,,,,service,0,139.7690737,35.6810473,,,
,218,3558103121,crossing,,,,service,0,139.7688408,35.6804042,,,
,219,3558103123,crossing,,,,service,0,139.7689172,35.6805293,,,
,220,,,220,,,rail,-1,139.7680258,35.68423,,,boundary node created by osm2gmns
,221,3665768657,,,,,rail,0,139.7679836,35.6840181,,,
,222,,,222,,,rail,1,139.7680692,35.68423,,,boundary node created by osm2gmns
,223,1593263475,,,,,rail,0,139.7676774,35.684101,,,
,224,,,224,,,rail,-1,139.7677278,35.68423,,,boundary node created by osm2gmns
,225,,,225,,,rail,1,139.7677739,35.68423,,,boundary node created by osm2gmns
,226,1593263462,,,,,rail,0,139.7677215,35.6840913,,,
,227,1593262276,,227,,,rail,-1,139.7660302,35.6801421,,,
,228,1593262284,,228,,,rail,1,139.765939,35.6801633,,,
|京,229,3589537645,,,,,rail,0,139.7673969,35.6810509,,,
,230,393085229,,,,,rail,0,139.7682197,35.6839659,,,
|京,231,3589537643,,,,,rail,0,139.7676303,35.6809932,,,
,232,,,232,,,rail,1,139.7683124,35.68423,,,boundary node created by osm2gmns
,233,,,233,,,rail,-1,139.7681968,35.68423,,,boundary node created by osm2gmns
,234,,,234,,,rail,-1,139.7682568,35.68423,,,boundary node created by osm2gmns
,235,,,235,,,footway,1,139.7655548,35.6785,,,boundary node created by osm2gmns
,236,3677320541,,,,,footway,0,139.76572,35.678941,,,
,237,3677320555,,,,,footway,0,139.7654468,35.680232,,,
,238,,,238,,,footway,-1,139.76541,35.6802838,,,boundary node created by osm2gmns
,239,,,239,,,footway,1,139.76541,35.6802142,,,boundary node created by osm2gmns
,240,1609788031,crossing,,,,footway,0,139.7655185,35.6789801,,,
,241,,,241,,,footway,-1,139.76541,35.6790038,,,boundary node created by osm2gmns
,242,,,242,,,footway,1,139.76541,35.6791134,,,boundary node created by osm2gmns
,243,3677320600,,,,,footway,0,139.7654457,35.6791056,,,
,244,,,244,,,footway,1,139.76541,35.6790038,,,boundary node created by osm2gmns
,245,,,245,,,footway,-1,139.76541,35.6797487,,,boundary node created by osm2gmns
,246,393092340,,,,,rail,0,139.7664677,35.6796621,,,
,247,,,247,,,footway,1,139.76935,35.6832415,,,boundary node created by osm2gmns
,248,5799389428,crossing,,,,service,0,139.7693011,35.6832536,,,
,249,6397239275,,,,,footway,0,139.7691161,35.6832994,,,
,250,6535339354,,,,,footway,0,139.7687542,35.6834891,,,
,251,,,251,,,secondary,1,139.76541,35.6786743,,,boundary node created by osm2gmns
,252,9389820662,,,,,secondary,0,139.7654858,35.6788879,,,
,253,,,253,,,secondary,-1,139.76541,35.6798884,,,boundary node created by osm2gmns
,254,,,254,,,service,2,139.76935,35.6833838,,,boundary node created by osm2gmns
,255,860363656,,,,,service,0,139.7688863,35.682131,,,
,256,6538495150,,,,,motorway,0,139.7690041,35.6802559,,,
,257,,,257,,,motorway,-1,139.7678955,35.6785,,,boundary node created by osm2gmns
,258,,,258,,,motorway,-1,139.76935,35.6809895,,,boundary node created by osm2gmns
,259,,,259,,,footway,1,139.76935,35.6800539,,,boundary node created by osm2gmns
,260,2743158904,,,,,footway,0,139.7692429,35.6800285,,,
,261,,,261,,,footway,-1,139.768081,35.6785,,,boundary node created by osm2gmns
|京ステ`ションホテル メインエントランス,262,5295049557,,262,,,footway,1,139.7657766,35.6810228,,,
,263,5295049558,,263,,,footway,-1,139.7655856,35.6808241,,,
,264,5798366042,,,,,footway,0,139.7662399,35.6825359,,,
,265,6397151779,,,,,footway,0,139.7662227,35.6825622,,,
,266,2906803002,,,,,service,0,139.7654969,35.6824528,,,
,268,8869066682,,,,,service,0,139.7657865,35.682156,,,
,269,,,269,,,service,-1,139.76541,35.6819356,,,boundary node created by osm2gmns
,270,5430695626,,,,,footway,0,139.7661064,35.6824296,,,
,271,5798366043,,,,,footway,0,139.7660136,35.6821097,,,
,272,6397151775,,,,,footway,0,139.7660703,35.6823096,,,
,273,6397151777,,,,,footway,0,139.7660951,35.6823921,,,
,274,5798366045,,,,,footway,0,139.7657372,35.6814508,,,
,275,,,275,,,footway,-1,139.76541,35.6815237,,,boundary node created by osm2gmns
,276,2912891575,,,,,footway,0,139.7659184,35.6814436,,,
,277,5798366164,,,,,footway,0,139.7659364,35.6814893,,,
,278,2912891586,,,,,footway,0,139.7658956,35.6813855,,,
,279,5798366171,,,,,footway,0,139.7657309,35.6813086,,,
,280,5798366170,,,,,footway,0,139.7658817,35.6813503,,,
,281,5798366167,,,,,footway,0,139.7658346,35.6815877,,,
,282,5798366165,,,,,footway,0,139.7657905,35.6816081,,,
,283,5798366173,,,,,footway,0,139.765689,35.6813083,,,
,284,5799389401,,,,,service,0,139.7691418,35.6837164,,,
,285,5799389403,,,,,service,0,139.7690589,35.68367,,,
,286,5799389404,,286,,,service,1,139.7689944,35.6834975,,,
大手町 B8b,287,2571379255,,287,,,footway,1,139.7691711,35.6831412,,,
,288,,,288,,,footway,-1,139.76935,35.6836156,,,boundary node created by osm2gmns
大手町 B7,289,2571379253,,,,,footway,0,139.7688122,35.6839577,,,
,290,6535339350,,,,,footway,0,139.7687373,35.6839739,,,
,291,,,291,,,footway,1,139.7685176,35.68423,,,boundary node created by osm2gmns
,292,6240741314,,,,,footway,0,139.7684763,35.6841234,,,
,293,6240741313,,,,,footway,0,139.7687654,35.6840598,,,
,294,,,294,,,footway,-1,139.76935,35.6839327,,,boundary node created by osm2gmns
,295,2149761648,,295,,,rail,-1,139.7666169,35.6788888,,,
,296,2149761649,,296,,,rail,1,139.7665606,35.678903,,,
,297,2149761650,,297,,,rail,-1,139.7665159,35.6789144,,,
,298,2149761651,,298,,,rail,1,139.7664258,35.6789365,,,
,299,6284489721,,299,,,footway,1,139.7689495,35.6805868,,,
,300,6284489722,,,,,footway,0,139.7689741,35.6806305,,,
,301,6284489723,,,,,footway,0,139.7688302,35.6803825,,,
,302,6284489724,,,,,footway,0,139.7688087,35.6803025,,,
,303,2743158899,crossing,,,,footway,0,139.7688762,35.6802732,,,
,304,6539506126,,,,,footway,0,139.7690955,35.6801777,,,
,305,6284503614,,,,,footway,0,139.7680351,35.6796526,,,
,306,6284503615,,306,,,footway,-1,139.7681864,35.6795988,,,
,307,,,307,,,footway,-1,139.768,35.68423,,,boundary node created by osm2gmns
,308,6285234780,,,,,footway,0,139.7673674,35.6840259,,,
大手町 B4,309,258770280,,309,,,footway,-1,139.7672821,35.6840565,,,
,310,,,310,,,footway,1,139.7674572,35.68423,,,boundary node created by osm2gmns
,311,6285234785,,,,,footway,0,139.7674244,35.6841555,,,
,312,6285234786,,,,,footway,0,139.7672818,35.6838634,,,
,313,7600432431,,,,,footway,0,139.7671368,35.6835881,,,
,314,6285234788,,,,,footway,0,139.765864,35.682716,,,
,315,,,315,,,footway,-1,139.76541,35.6828169,,,boundary node created by osm2gmns
大手町 B5,316,2571379251,,316,,,footway,1,139.7674329,35.6836866,,,
,317,6285234787,,,,,footway,0,139.7657862,35.6825039,,,
,318,7087280158,,,,,footway,0,139.7665508,35.6808535,,,
,319,6397158022,,,,,footway,0,139.7673824,35.6806716,,,
,320,2743158928,,,,,footway,0,139.768404,35.6804325,,,
,321,6397091333,,,,,footway,0,139.7685626,35.6803698,,,
,322,6397102736,,,,,motorway,0,139.7686453,35.680067,,,
,323,6397102742,,,,,motorway,0,139.7691887,35.6809218,,,
,324,,,324,,,motorway,-1,139.76935,35.6811344,,,boundary node created by osm2gmns
,325,6397102744,,,,,service,0,139.7686353,35.6801603,,,
,326,6397102743,,,,,service,0,139.7690647,35.6808946,,,
,327,6397102746,,,,,footway,0,139.769019,35.6806265,,,
,328,6397151229,,,,,footway,0,139.7688735,35.6806677,,,
,329,6397158025,,,,,footway,0,139.7687938,35.6806959,,,
,330,6397151230,,,,,footway,0,139.7687216,35.6807221,,,
,331,6397151769,,,,,footway,0,139.7686217,35.6807586,,,
,332,2743158872,crossing,,,,footway,0,139.7693075,35.6803705,,,
,333,2743158848,,,,,footway,0,139.7692022,35.6802,,,
,334,8644583944,,,,,footway,0,139.7691512,35.6801425,,,
,335,8644583945,,,,,footway,0,139.7691965,35.6800843,,,
,336,6397107397,,,,,footway,0,139.7690095,35.6803562,,,
,337,,,337,,,footway,-1,139.76935,35.6803253,,,boundary node created by osm2gmns
,338,,,338,,,footway,1,139.76935,35.6802011,,,boundary node created by osm2gmns
,339,,,339,,,footway,-1,139.7674616,35.6785,,,boundary node created by osm2gmns
,340,,,340,,,service,2,139.76935,35.6819886,,,boundary node created by osm2gmns
,341,6538684846,,,,,service,0,139.7692497,35.6820151,,,
,342,6538684845,,,,,service,0,139.7689979,35.6820817,,,
,343,6397151231,,,,,footway,0,139.768758,35.6807861,,,
,344,6397158026,,,,,footway,0,139.7688281,35.6807611,,,
,345,6397151232,,345,,,footway,1,139.7691036,35.680993,,,
,346,3558103140,crossing,,,,footway,0,139.7691244,35.6810261,,,
,347,6397151233,,,,,footway,0,139.7691467,35.6810654,,,
,348,,,348,,,footway,1,139.76541,35.6806046,,,boundary node created by osm2gmns
,349,7093836095,,,,,footway,0,139.7654914,35.6805832,,,
,350,6397158023,,,,,footway,0,139.767187,35.6801377,,,
,351,6397238089,,,,,footway,0,139.7678099,35.6799772,,,
,352,6397151768,,,,,footway,0,139.7681482,35.6798851,,,
,353,2743158931,,,,,footway,0,139.7685854,35.6807719,,,
,354,2743158915,,354,,,footway,-1,139.7677511,35.6790597,,,
,355,6397241089,,,,,footway,0,139.768482,35.6808834,,,
,356,6397151771,,,,,footway,0,139.76848,35.6816925,,,
,357,6397158021,,,,,footway,0,139.7678184,35.6818619,,,
,358,7087280160,,,,,footway,0,139.7670041,35.6820705,,,
,359,6397151772,,,,,footway,0,139.7660046,35.6823277,,,
,360,6397151774,,,,,footway,0,139.7659427,35.6824163,,,
,361,7087206358,,,,,footway,0,139.7676463,35.681392,,,
,362,6397221590,,362,,,footway,-1,139.765704,35.6826722,,,
,363,6397238094,,,,,footway,0,139.7673237,35.6791869,,,
,364,6397238095,,,,,footway,0,139.7672897,35.6791393,,,
,365,,,365,,,footway,-1,139.7666977,35.6785,,,boundary node created by osm2gmns
,366,6397239278,,366,,,footway,1,139.7685458,35.6810442,,,
,367,,,367,,,footway,1,139.7676454,35.6785,,,boundary node created by osm2gmns
,368,6244220921,,368,,,footway,-1,139.7677401,35.6790101,,,
,369,,,369,,,footway,-1,139.7673625,35.68423,,,boundary node created by osm2gmns
,370,6535339349,,370,,,service,-1,139.7690935,35.6836259,,,
,371,6535339353,,,,,footway,0,139.7688853,35.6838362,,,
,372,6538495126,,,,,service,0,139.769245,35.681102,,,
,373,,,373,,,service,-1,139.76935,35.681263,,,boundary node created by osm2gmns
,374,6538495135,,,,,service,0,139.7680463,35.6791647,,,
,375,6538684842,,,,,service,0,139.7690318,35.6821646,,,
,376,6538684849,,376,,,service,2,139.7690493,35.6822074,,,
,377,2743158819,,,,,footway,0,139.7691382,35.6801593,,,
,378,7087206356,,378,,,footway,1,139.7679314,35.6814383,,,
JR East,379,7087280157,,379,,,footway,1,139.7667232,35.6813345,,,
JR East,380,7087280159,,380,,,footway,1,139.7667856,35.681518,,,
,381,7093706977,,,,,rail,0,139.7659038,35.6824653,,,
,382,,,382,,,rail,-1,139.7675302,35.68423,,,boundary node created by osm2gmns
|京,383,7093763090,,,,,rail,0,139.7655831,35.6821346,,,
,384,7093763088,,384,,,rail,1,139.7659029,35.6822751,,,
|京,385,7093763087,,,,,rail,0,139.7657378,35.682046,,,
,386,,,386,,,rail,-1,139.76541,35.6818123,,,boundary node created by osm2gmns
,387,,,387,,,rail,1,139.76541,35.6819047,,,boundary node created by osm2gmns
,388,7093763093,,,,,rail,0,139.7654551,35.6817894,,,
,389,,,389,,,rail,-1,139.76541,35.6817106,,,boundary node created by osm2gmns
,390,,,390,,,footway,1,139.76541,35.6819822,,,boundary node created by osm2gmns
,391,7093786752,,,,,footway,0,139.7654796,35.6820646,,,
,392,7093756538,,,,,footway,0,139.765594,35.6822,,,
,393,7093786755,,,,,footway,0,139.7656106,35.6822196,,,
,394,7093786757,,,,,footway,0,139.7657551,35.6824004,,,
,395,7093786753,,,,,footway,0,139.7655293,35.6820337,,,
,396,7093786754,,396,,,footway,-1,139.7655575,35.6820657,,,
,397,,,397,,,footway,1,139.76541,35.6823293,,,boundary node created by osm2gmns
,398,7093756544,,,,,footway,0,139.7654958,35.6822824,,,
,399,7093756539,,,,,footway,0,139.7656447,35.6821724,,,
,400,7093756540,,400,,,footway,-1,139.7656099,35.6821354,,,
,401,,,401,,,footway,-1,139.76541,35.6821837,,,boundary node created by osm2gmns
,402,7093836094,,,,,footway,0,139.7654174,35.6803934,,,
,403,,,403,,,footway,-1,139.76541,35.6803953,,,boundary node created by osm2gmns
,404,7411500389,,,,,secondary,0,139.7683058,35.679367,,,
,405,7600432427,,405,,,footway,1,139.7670914,35.683586,,,
,406,7600432432,,,,,footway,0,139.7671382,35.6835264,,,
,407,7600432430,,,,,footway,0,139.767163,35.6835809,,,
日本蚩,408,7073960645,,408,,,footway,1,139.7685697,35.6834687,,,
,409,7600423184,,,,,footway,0,139.7686931,35.6837919,,,
,410,7600423182,,,,,footway,0,139.7687137,35.6838458,,,
,411,,,411,,,rail,-1,139.7660526,35.6785,,,boundary node created by osm2gmns
,412,,,412,,,trunk,1,139.76935,35.6839044,,,boundary node created by osm2gmns
,413,,,413,,,trunk,-1,139.7678446,35.68423,,,boundary node created by osm2gmns
,414,8303274812,,,,,service,0,139.7689876,35.6808221,,,
,415,8303278717,,,,,service,0,139.7689274,35.680987,,,
,416,1136631230,,,,,secondary,0,139.7693035,35.680953,,,
,417,,,417,,,secondary,-1,139.76935,35.6803543,,,boundary node created by osm2gmns
,418,,,418,,,secondary,-1,139.76935,35.681033,,,boundary node created by osm2gmns
,419,,,419,,,secondary,1,139.7677586,35.6785,,,boundary node created by osm2gmns
|京k八重洲口タクシ`降,420,1423728716,,420,,,footway,1,139.7687923,35.6809342,,,
,421,,,421,,,service,1,139.76541,35.6824721,,,boundary node created by osm2gmns
,423,8869066683,,,,,service,0,139.7658067,35.6822253,,,
,424,,,424,,,service,2,139.76541,35.6823089,,,boundary node created by osm2gmns
,425,,,425,,,secondary,-1,139.7682939,35.68423,,,boundary node created by osm2gmns
,426,,,426,,,service,2,139.76541,35.6789018,,,boundary node created by osm2gmns
,427,,,427,,,service,-1,139.76935,35.6837002,,,boundary node created by osm2gmns
,428,1136631242_499185536_261023335_2091867924,traffic_signals,,signal,,secondary,0,139.769058,35.6803898,0,,
,429,8869066676_1588257757_8869066675_8869066679,traffic_signals,,signal,,secondary,0,139.765884,35.6826846,1,,
